// Kitten-only Unicode 16.0.0 NFC/case data. Generated by
// tests/kitten/generate_frontend_data.py. Unicode data license:
// tests/kitten/UNICODE-LICENSE.txt. Hangul is handled algorithmically.
#ifndef SHERPA_ONNX_CSRC_OFFLINE_TTS_KITTEN_TEXT_DATA_H_
#define SHERPA_ONNX_CSRC_OFFLINE_TTS_KITTEN_TEXT_DATA_H_
#include <cstdint>
namespace sherpa_onnx { namespace kitten_text {
static constexpr uint32_t kCased[] = {
  0x41, 0x5a, 0x61, 0x7a, 0xaa, 0xaa, 0xb5, 0xb5, 0xba, 0xba, 0xc0, 0xd6,
  0xd8, 0xf6, 0xf8, 0x1ba, 0x1bc, 0x1bf, 0x1c4, 0x293, 0x295, 0x2b8, 0x2c0, 0x2c1,
  0x2e0, 0x2e4, 0x345, 0x345, 0x370, 0x373, 0x376, 0x377, 0x37a, 0x37d, 0x37f, 0x37f,
  0x386, 0x386, 0x388, 0x38a, 0x38c, 0x38c, 0x38e, 0x3a1, 0x3a3, 0x3f5, 0x3f7, 0x481,
  0x48a, 0x52f, 0x531, 0x556, 0x560, 0x588, 0x10a0, 0x10c5, 0x10c7, 0x10c7, 0x10cd, 0x10cd,
  0x10d0, 0x10fa, 0x10fc, 0x10ff, 0x13a0, 0x13f5, 0x13f8, 0x13fd, 0x1c80, 0x1c8a, 0x1c90, 0x1cba,
  0x1cbd, 0x1cbf, 0x1d00, 0x1dbf, 0x1e00, 0x1f15, 0x1f18, 0x1f1d, 0x1f20, 0x1f45, 0x1f48, 0x1f4d,
  0x1f50, 0x1f57, 0x1f59, 0x1f59, 0x1f5b, 0x1f5b, 0x1f5d, 0x1f5d, 0x1f5f, 0x1f7d, 0x1f80, 0x1fb4,
  0x1fb6, 0x1fbc, 0x1fbe, 0x1fbe, 0x1fc2, 0x1fc4, 0x1fc6, 0x1fcc, 0x1fd0, 0x1fd3, 0x1fd6, 0x1fdb,
  0x1fe0, 0x1fec, 0x1ff2, 0x1ff4, 0x1ff6, 0x1ffc, 0x2071, 0x2071, 0x207f, 0x207f, 0x2090, 0x209c,
  0x2102, 0x2102, 0x2107, 0x2107, 0x210a, 0x2113, 0x2115, 0x2115, 0x2119, 0x211d, 0x2124, 0x2124,
  0x2126, 0x2126, 0x2128, 0x2128, 0x212a, 0x212d, 0x212f, 0x2134, 0x2139, 0x2139, 0x213c, 0x213f,
  0x2145, 0x2149, 0x214e, 0x214e, 0x2160, 0x217f, 0x2183, 0x2184, 0x24b6, 0x24e9, 0x2c00, 0x2ce4,
  0x2ceb, 0x2cee, 0x2cf2, 0x2cf3, 0x2d00, 0x2d25, 0x2d27, 0x2d27, 0x2d2d, 0x2d2d, 0xa640, 0xa66d,
  0xa680, 0xa69d, 0xa722, 0xa787, 0xa78b, 0xa78e, 0xa790, 0xa7cd, 0xa7d0, 0xa7d1, 0xa7d3, 0xa7d3,
  0xa7d5, 0xa7dc, 0xa7f2, 0xa7f6, 0xa7f8, 0xa7fa, 0xab30, 0xab5a, 0xab5c, 0xab69, 0xab70, 0xabbf,
  0xfb00, 0xfb06, 0xfb13, 0xfb17, 0xff21, 0xff3a, 0xff41, 0xff5a, 0x10400, 0x1044f, 0x104b0, 0x104d3,
  0x104d8, 0x104fb, 0x10570, 0x1057a, 0x1057c, 0x1058a, 0x1058c, 0x10592, 0x10594, 0x10595, 0x10597, 0x105a1,
  0x105a3, 0x105b1, 0x105b3, 0x105b9, 0x105bb, 0x105bc, 0x10780, 0x10780, 0x10783, 0x10785, 0x10787, 0x107b0,
  0x107b2, 0x107ba, 0x10c80, 0x10cb2, 0x10cc0, 0x10cf2, 0x10d50, 0x10d65, 0x10d70, 0x10d85, 0x118a0, 0x118df,
  0x16e40, 0x16e7f, 0x1d400, 0x1d454, 0x1d456, 0x1d49c, 0x1d49e, 0x1d49f, 0x1d4a2, 0x1d4a2, 0x1d4a5, 0x1d4a6,
  0x1d4a9, 0x1d4ac, 0x1d4ae, 0x1d4b9, 0x1d4bb, 0x1d4bb, 0x1d4bd, 0x1d4c3, 0x1d4c5, 0x1d505, 0x1d507, 0x1d50a,
  0x1d50d, 0x1d514, 0x1d516, 0x1d51c, 0x1d51e, 0x1d539, 0x1d53b, 0x1d53e, 0x1d540, 0x1d544, 0x1d546, 0x1d546,
  0x1d54a, 0x1d550, 0x1d552, 0x1d6a5, 0x1d6a8, 0x1d6c0, 0x1d6c2, 0x1d6da, 0x1d6dc, 0x1d6fa, 0x1d6fc, 0x1d714,
  0x1d716, 0x1d734, 0x1d736, 0x1d74e, 0x1d750, 0x1d76e, 0x1d770, 0x1d788, 0x1d78a, 0x1d7a8, 0x1d7aa, 0x1d7c2,
  0x1d7c4, 0x1d7cb, 0x1df00, 0x1df09, 0x1df0b, 0x1df1e, 0x1df25, 0x1df2a, 0x1e030, 0x1e06d, 0x1e900, 0x1e943,
  0x1f130, 0x1f149, 0x1f150, 0x1f169, 0x1f170, 0x1f189,
};
static constexpr uint32_t kCaseIgnorable[] = {
  0x27, 0x27, 0x2e, 0x2e, 0x3a, 0x3a, 0x5e, 0x5e, 0x60, 0x60, 0xa8, 0xa8,
  0xad, 0xad, 0xaf, 0xaf, 0xb4, 0xb4, 0xb7, 0xb8, 0x2b0, 0x36f, 0x374, 0x375,
  0x37a, 0x37a, 0x384, 0x385, 0x387, 0x387, 0x483, 0x489, 0x559, 0x559, 0x55f, 0x55f,
  0x591, 0x5bd, 0x5bf, 0x5bf, 0x5c1, 0x5c2, 0x5c4, 0x5c5, 0x5c7, 0x5c7, 0x5f4, 0x5f4,
  0x600, 0x605, 0x610, 0x61a, 0x61c, 0x61c, 0x640, 0x640, 0x64b, 0x65f, 0x670, 0x670,
  0x6d6, 0x6dd, 0x6df, 0x6e8, 0x6ea, 0x6ed, 0x70f, 0x70f, 0x711, 0x711, 0x730, 0x74a,
  0x7a6, 0x7b0, 0x7eb, 0x7f5, 0x7fa, 0x7fa, 0x7fd, 0x7fd, 0x816, 0x82d, 0x859, 0x85b,
  0x888, 0x888, 0x890, 0x891, 0x897, 0x89f, 0x8c9, 0x902, 0x93a, 0x93a, 0x93c, 0x93c,
  0x941, 0x948, 0x94d, 0x94d, 0x951, 0x957, 0x962, 0x963, 0x971, 0x971, 0x981, 0x981,
  0x9bc, 0x9bc, 0x9c1, 0x9c4, 0x9cd, 0x9cd, 0x9e2, 0x9e3, 0x9fe, 0x9fe, 0xa01, 0xa02,
  0xa3c, 0xa3c, 0xa41, 0xa42, 0xa47, 0xa48, 0xa4b, 0xa4d, 0xa51, 0xa51, 0xa70, 0xa71,
  0xa75, 0xa75, 0xa81, 0xa82, 0xabc, 0xabc, 0xac1, 0xac5, 0xac7, 0xac8, 0xacd, 0xacd,
  0xae2, 0xae3, 0xafa, 0xaff, 0xb01, 0xb01, 0xb3c, 0xb3c, 0xb3f, 0xb3f, 0xb41, 0xb44,
  0xb4d, 0xb4d, 0xb55, 0xb56, 0xb62, 0xb63, 0xb82, 0xb82, 0xbc0, 0xbc0, 0xbcd, 0xbcd,
  0xc00, 0xc00, 0xc04, 0xc04, 0xc3c, 0xc3c, 0xc3e, 0xc40, 0xc46, 0xc48, 0xc4a, 0xc4d,
  0xc55, 0xc56, 0xc62, 0xc63, 0xc81, 0xc81, 0xcbc, 0xcbc, 0xcbf, 0xcbf, 0xcc6, 0xcc6,
  0xccc, 0xccd, 0xce2, 0xce3, 0xd00, 0xd01, 0xd3b, 0xd3c, 0xd41, 0xd44, 0xd4d, 0xd4d,
  0xd62, 0xd63, 0xd81, 0xd81, 0xdca, 0xdca, 0xdd2, 0xdd4, 0xdd6, 0xdd6, 0xe31, 0xe31,
  0xe34, 0xe3a, 0xe46, 0xe4e, 0xeb1, 0xeb1, 0xeb4, 0xebc, 0xec6, 0xec6, 0xec8, 0xece,
  0xf18, 0xf19, 0xf35, 0xf35, 0xf37, 0xf37, 0xf39, 0xf39, 0xf71, 0xf7e, 0xf80, 0xf84,
  0xf86, 0xf87, 0xf8d, 0xf97, 0xf99, 0xfbc, 0xfc6, 0xfc6, 0x102d, 0x1030, 0x1032, 0x1037,
  0x1039, 0x103a, 0x103d, 0x103e, 0x1058, 0x1059, 0x105e, 0x1060, 0x1071, 0x1074, 0x1082, 0x1082,
  0x1085, 0x1086, 0x108d, 0x108d, 0x109d, 0x109d, 0x10fc, 0x10fc, 0x135d, 0x135f, 0x1712, 0x1714,
  0x1732, 0x1733, 0x1752, 0x1753, 0x1772, 0x1773, 0x17b4, 0x17b5, 0x17b7, 0x17bd, 0x17c6, 0x17c6,
  0x17c9, 0x17d3, 0x17d7, 0x17d7, 0x17dd, 0x17dd, 0x180b, 0x180f, 0x1843, 0x1843, 0x1885, 0x1886,
  0x18a9, 0x18a9, 0x1920, 0x1922, 0x1927, 0x1928, 0x1932, 0x1932, 0x1939, 0x193b, 0x1a17, 0x1a18,
  0x1a1b, 0x1a1b, 0x1a56, 0x1a56, 0x1a58, 0x1a5e, 0x1a60, 0x1a60, 0x1a62, 0x1a62, 0x1a65, 0x1a6c,
  0x1a73, 0x1a7c, 0x1a7f, 0x1a7f, 0x1aa7, 0x1aa7, 0x1ab0, 0x1ace, 0x1b00, 0x1b03, 0x1b34, 0x1b34,
  0x1b36, 0x1b3a, 0x1b3c, 0x1b3c, 0x1b42, 0x1b42, 0x1b6b, 0x1b73, 0x1b80, 0x1b81, 0x1ba2, 0x1ba5,
  0x1ba8, 0x1ba9, 0x1bab, 0x1bad, 0x1be6, 0x1be6, 0x1be8, 0x1be9, 0x1bed, 0x1bed, 0x1bef, 0x1bf1,
  0x1c2c, 0x1c33, 0x1c36, 0x1c37, 0x1c78, 0x1c7d, 0x1cd0, 0x1cd2, 0x1cd4, 0x1ce0, 0x1ce2, 0x1ce8,
  0x1ced, 0x1ced, 0x1cf4, 0x1cf4, 0x1cf8, 0x1cf9, 0x1d2c, 0x1d6a, 0x1d78, 0x1d78, 0x1d9b, 0x1dff,
  0x1fbd, 0x1fbd, 0x1fbf, 0x1fc1, 0x1fcd, 0x1fcf, 0x1fdd, 0x1fdf, 0x1fed, 0x1fef, 0x1ffd, 0x1ffe,
  0x200b, 0x200f, 0x2018, 0x2019, 0x2024, 0x2024, 0x2027, 0x2027, 0x202a, 0x202e, 0x2060, 0x2064,
  0x2066, 0x206f, 0x2071, 0x2071, 0x207f, 0x207f, 0x2090, 0x209c, 0x20d0, 0x20f0, 0x2c7c, 0x2c7d,
  0x2cef, 0x2cf1, 0x2d6f, 0x2d6f, 0x2d7f, 0x2d7f, 0x2de0, 0x2dff, 0x2e2f, 0x2e2f, 0x3005, 0x3005,
  0x302a, 0x302d, 0x3031, 0x3035, 0x303b, 0x303b, 0x3099, 0x309e, 0x30fc, 0x30fe, 0xa015, 0xa015,
  0xa4f8, 0xa4fd, 0xa60c, 0xa60c, 0xa66f, 0xa672, 0xa674, 0xa67d, 0xa67f, 0xa67f, 0xa69c, 0xa69f,
  0xa6f0, 0xa6f1, 0xa700, 0xa721, 0xa770, 0xa770, 0xa788, 0xa78a, 0xa7f2, 0xa7f4, 0xa7f8, 0xa7f9,
  0xa802, 0xa802, 0xa806, 0xa806, 0xa80b, 0xa80b, 0xa825, 0xa826, 0xa82c, 0xa82c, 0xa8c4, 0xa8c5,
  0xa8e0, 0xa8f1, 0xa8ff, 0xa8ff, 0xa926, 0xa92d, 0xa947, 0xa951, 0xa980, 0xa982, 0xa9b3, 0xa9b3,
  0xa9b6, 0xa9b9, 0xa9bc, 0xa9bd, 0xa9cf, 0xa9cf, 0xa9e5, 0xa9e6, 0xaa29, 0xaa2e, 0xaa31, 0xaa32,
  0xaa35, 0xaa36, 0xaa43, 0xaa43, 0xaa4c, 0xaa4c, 0xaa70, 0xaa70, 0xaa7c, 0xaa7c, 0xaab0, 0xaab0,
  0xaab2, 0xaab4, 0xaab7, 0xaab8, 0xaabe, 0xaabf, 0xaac1, 0xaac1, 0xaadd, 0xaadd, 0xaaec, 0xaaed,
  0xaaf3, 0xaaf4, 0xaaf6, 0xaaf6, 0xab5b, 0xab5f, 0xab69, 0xab6b, 0xabe5, 0xabe5, 0xabe8, 0xabe8,
  0xabed, 0xabed, 0xfb1e, 0xfb1e, 0xfbb2, 0xfbc2, 0xfe00, 0xfe0f, 0xfe13, 0xfe13, 0xfe20, 0xfe2f,
  0xfe52, 0xfe52, 0xfe55, 0xfe55, 0xfeff, 0xfeff, 0xff07, 0xff07, 0xff0e, 0xff0e, 0xff1a, 0xff1a,
  0xff3e, 0xff3e, 0xff40, 0xff40, 0xff70, 0xff70, 0xff9e, 0xff9f, 0xffe3, 0xffe3, 0xfff9, 0xfffb,
  0x101fd, 0x101fd, 0x102e0, 0x102e0, 0x10376, 0x1037a, 0x10780, 0x10785, 0x10787, 0x107b0, 0x107b2, 0x107ba,
  0x10a01, 0x10a03, 0x10a05, 0x10a06, 0x10a0c, 0x10a0f, 0x10a38, 0x10a3a, 0x10a3f, 0x10a3f, 0x10ae5, 0x10ae6,
  0x10d24, 0x10d27, 0x10d4e, 0x10d4e, 0x10d69, 0x10d6d, 0x10d6f, 0x10d6f, 0x10eab, 0x10eac, 0x10efc, 0x10eff,
  0x10f46, 0x10f50, 0x10f82, 0x10f85, 0x11001, 0x11001, 0x11038, 0x11046, 0x11070, 0x11070, 0x11073, 0x11074,
  0x1107f, 0x11081, 0x110b3, 0x110b6, 0x110b9, 0x110ba, 0x110bd, 0x110bd, 0x110c2, 0x110c2, 0x110cd, 0x110cd,
  0x11100, 0x11102, 0x11127, 0x1112b, 0x1112d, 0x11134, 0x11173, 0x11173, 0x11180, 0x11181, 0x111b6, 0x111be,
  0x111c9, 0x111cc, 0x111cf, 0x111cf, 0x1122f, 0x11231, 0x11234, 0x11234, 0x11236, 0x11237, 0x1123e, 0x1123e,
  0x11241, 0x11241, 0x112df, 0x112df, 0x112e3, 0x112ea, 0x11300, 0x11301, 0x1133b, 0x1133c, 0x11340, 0x11340,
  0x11366, 0x1136c, 0x11370, 0x11374, 0x113bb, 0x113c0, 0x113ce, 0x113ce, 0x113d0, 0x113d0, 0x113d2, 0x113d2,
  0x113e1, 0x113e2, 0x11438, 0x1143f, 0x11442, 0x11444, 0x11446, 0x11446, 0x1145e, 0x1145e, 0x114b3, 0x114b8,
  0x114ba, 0x114ba, 0x114bf, 0x114c0, 0x114c2, 0x114c3, 0x115b2, 0x115b5, 0x115bc, 0x115bd, 0x115bf, 0x115c0,
  0x115dc, 0x115dd, 0x11633, 0x1163a, 0x1163d, 0x1163d, 0x1163f, 0x11640, 0x116ab, 0x116ab, 0x116ad, 0x116ad,
  0x116b0, 0x116b5, 0x116b7, 0x116b7, 0x1171d, 0x1171d, 0x1171f, 0x1171f, 0x11722, 0x11725, 0x11727, 0x1172b,
  0x1182f, 0x11837, 0x11839, 0x1183a, 0x1193b, 0x1193c, 0x1193e, 0x1193e, 0x11943, 0x11943, 0x119d4, 0x119d7,
  0x119da, 0x119db, 0x119e0, 0x119e0, 0x11a01, 0x11a0a, 0x11a33, 0x11a38, 0x11a3b, 0x11a3e, 0x11a47, 0x11a47,
  0x11a51, 0x11a56, 0x11a59, 0x11a5b, 0x11a8a, 0x11a96, 0x11a98, 0x11a99, 0x11c30, 0x11c36, 0x11c38, 0x11c3d,
  0x11c3f, 0x11c3f, 0x11c92, 0x11ca7, 0x11caa, 0x11cb0, 0x11cb2, 0x11cb3, 0x11cb5, 0x11cb6, 0x11d31, 0x11d36,
  0x11d3a, 0x11d3a, 0x11d3c, 0x11d3d, 0x11d3f, 0x11d45, 0x11d47, 0x11d47, 0x11d90, 0x11d91, 0x11d95, 0x11d95,
  0x11d97, 0x11d97, 0x11ef3, 0x11ef4, 0x11f00, 0x11f01, 0x11f36, 0x11f3a, 0x11f40, 0x11f40, 0x11f42, 0x11f42,
  0x11f5a, 0x11f5a, 0x13430, 0x13440, 0x13447, 0x13455, 0x1611e, 0x16129, 0x1612d, 0x1612f, 0x16af0, 0x16af4,
  0x16b30, 0x16b36, 0x16b40, 0x16b43, 0x16d40, 0x16d42, 0x16d6b, 0x16d6c, 0x16f4f, 0x16f4f, 0x16f8f, 0x16f9f,
  0x16fe0, 0x16fe1, 0x16fe3, 0x16fe4, 0x1aff0, 0x1aff3, 0x1aff5, 0x1affb, 0x1affd, 0x1affe, 0x1bc9d, 0x1bc9e,
  0x1bca0, 0x1bca3, 0x1cf00, 0x1cf2d, 0x1cf30, 0x1cf46, 0x1d167, 0x1d169, 0x1d173, 0x1d182, 0x1d185, 0x1d18b,
  0x1d1aa, 0x1d1ad, 0x1d242, 0x1d244, 0x1da00, 0x1da36, 0x1da3b, 0x1da6c, 0x1da75, 0x1da75, 0x1da84, 0x1da84,
  0x1da9b, 0x1da9f, 0x1daa1, 0x1daaf, 0x1e000, 0x1e006, 0x1e008, 0x1e018, 0x1e01b, 0x1e021, 0x1e023, 0x1e024,
  0x1e026, 0x1e02a, 0x1e030, 0x1e06d, 0x1e08f, 0x1e08f, 0x1e130, 0x1e13d, 0x1e2ae, 0x1e2ae, 0x1e2ec, 0x1e2ef,
  0x1e4eb, 0x1e4ef, 0x1e5ee, 0x1e5ef, 0x1e8d0, 0x1e8d6, 0x1e944, 0x1e94b, 0x1f3fb, 0x1f3ff, 0xe0001, 0xe0001,
  0xe0020, 0xe007f, 0xe0100, 0xe01ef,
};
static constexpr uint32_t kDecimal[] = {
  0x30, 0x0, 0x31, 0x1, 0x32, 0x2, 0x33, 0x3, 0x34, 0x4, 0x35, 0x5,
  0x36, 0x6, 0x37, 0x7, 0x38, 0x8, 0x39, 0x9, 0x660, 0x0, 0x661, 0x1,
  0x662, 0x2, 0x663, 0x3, 0x664, 0x4, 0x665, 0x5, 0x666, 0x6, 0x667, 0x7,
  0x668, 0x8, 0x669, 0x9, 0x6f0, 0x0, 0x6f1, 0x1, 0x6f2, 0x2, 0x6f3, 0x3,
  0x6f4, 0x4, 0x6f5, 0x5, 0x6f6, 0x6, 0x6f7, 0x7, 0x6f8, 0x8, 0x6f9, 0x9,
  0x7c0, 0x0, 0x7c1, 0x1, 0x7c2, 0x2, 0x7c3, 0x3, 0x7c4, 0x4, 0x7c5, 0x5,
  0x7c6, 0x6, 0x7c7, 0x7, 0x7c8, 0x8, 0x7c9, 0x9, 0x966, 0x0, 0x967, 0x1,
  0x968, 0x2, 0x969, 0x3, 0x96a, 0x4, 0x96b, 0x5, 0x96c, 0x6, 0x96d, 0x7,
  0x96e, 0x8, 0x96f, 0x9, 0x9e6, 0x0, 0x9e7, 0x1, 0x9e8, 0x2, 0x9e9, 0x3,
  0x9ea, 0x4, 0x9eb, 0x5, 0x9ec, 0x6, 0x9ed, 0x7, 0x9ee, 0x8, 0x9ef, 0x9,
  0xa66, 0x0, 0xa67, 0x1, 0xa68, 0x2, 0xa69, 0x3, 0xa6a, 0x4, 0xa6b, 0x5,
  0xa6c, 0x6, 0xa6d, 0x7, 0xa6e, 0x8, 0xa6f, 0x9, 0xae6, 0x0, 0xae7, 0x1,
  0xae8, 0x2, 0xae9, 0x3, 0xaea, 0x4, 0xaeb, 0x5, 0xaec, 0x6, 0xaed, 0x7,
  0xaee, 0x8, 0xaef, 0x9, 0xb66, 0x0, 0xb67, 0x1, 0xb68, 0x2, 0xb69, 0x3,
  0xb6a, 0x4, 0xb6b, 0x5, 0xb6c, 0x6, 0xb6d, 0x7, 0xb6e, 0x8, 0xb6f, 0x9,
  0xbe6, 0x0, 0xbe7, 0x1, 0xbe8, 0x2, 0xbe9, 0x3, 0xbea, 0x4, 0xbeb, 0x5,
  0xbec, 0x6, 0xbed, 0x7, 0xbee, 0x8, 0xbef, 0x9, 0xc66, 0x0, 0xc67, 0x1,
  0xc68, 0x2, 0xc69, 0x3, 0xc6a, 0x4, 0xc6b, 0x5, 0xc6c, 0x6, 0xc6d, 0x7,
  0xc6e, 0x8, 0xc6f, 0x9, 0xce6, 0x0, 0xce7, 0x1, 0xce8, 0x2, 0xce9, 0x3,
  0xcea, 0x4, 0xceb, 0x5, 0xcec, 0x6, 0xced, 0x7, 0xcee, 0x8, 0xcef, 0x9,
  0xd66, 0x0, 0xd67, 0x1, 0xd68, 0x2, 0xd69, 0x3, 0xd6a, 0x4, 0xd6b, 0x5,
  0xd6c, 0x6, 0xd6d, 0x7, 0xd6e, 0x8, 0xd6f, 0x9, 0xde6, 0x0, 0xde7, 0x1,
  0xde8, 0x2, 0xde9, 0x3, 0xdea, 0x4, 0xdeb, 0x5, 0xdec, 0x6, 0xded, 0x7,
  0xdee, 0x8, 0xdef, 0x9, 0xe50, 0x0, 0xe51, 0x1, 0xe52, 0x2, 0xe53, 0x3,
  0xe54, 0x4, 0xe55, 0x5, 0xe56, 0x6, 0xe57, 0x7, 0xe58, 0x8, 0xe59, 0x9,
  0xed0, 0x0, 0xed1, 0x1, 0xed2, 0x2, 0xed3, 0x3, 0xed4, 0x4, 0xed5, 0x5,
  0xed6, 0x6, 0xed7, 0x7, 0xed8, 0x8, 0xed9, 0x9, 0xf20, 0x0, 0xf21, 0x1,
  0xf22, 0x2, 0xf23, 0x3, 0xf24, 0x4, 0xf25, 0x5, 0xf26, 0x6, 0xf27, 0x7,
  0xf28, 0x8, 0xf29, 0x9, 0x1040, 0x0, 0x1041, 0x1, 0x1042, 0x2, 0x1043, 0x3,
  0x1044, 0x4, 0x1045, 0x5, 0x1046, 0x6, 0x1047, 0x7, 0x1048, 0x8, 0x1049, 0x9,
  0x1090, 0x0, 0x1091, 0x1, 0x1092, 0x2, 0x1093, 0x3, 0x1094, 0x4, 0x1095, 0x5,
  0x1096, 0x6, 0x1097, 0x7, 0x1098, 0x8, 0x1099, 0x9, 0x17e0, 0x0, 0x17e1, 0x1,
  0x17e2, 0x2, 0x17e3, 0x3, 0x17e4, 0x4, 0x17e5, 0x5, 0x17e6, 0x6, 0x17e7, 0x7,
  0x17e8, 0x8, 0x17e9, 0x9, 0x1810, 0x0, 0x1811, 0x1, 0x1812, 0x2, 0x1813, 0x3,
  0x1814, 0x4, 0x1815, 0x5, 0x1816, 0x6, 0x1817, 0x7, 0x1818, 0x8, 0x1819, 0x9,
  0x1946, 0x0, 0x1947, 0x1, 0x1948, 0x2, 0x1949, 0x3, 0x194a, 0x4, 0x194b, 0x5,
  0x194c, 0x6, 0x194d, 0x7, 0x194e, 0x8, 0x194f, 0x9, 0x19d0, 0x0, 0x19d1, 0x1,
  0x19d2, 0x2, 0x19d3, 0x3, 0x19d4, 0x4, 0x19d5, 0x5, 0x19d6, 0x6, 0x19d7, 0x7,
  0x19d8, 0x8, 0x19d9, 0x9, 0x1a80, 0x0, 0x1a81, 0x1, 0x1a82, 0x2, 0x1a83, 0x3,
  0x1a84, 0x4, 0x1a85, 0x5, 0x1a86, 0x6, 0x1a87, 0x7, 0x1a88, 0x8, 0x1a89, 0x9,
  0x1a90, 0x0, 0x1a91, 0x1, 0x1a92, 0x2, 0x1a93, 0x3, 0x1a94, 0x4, 0x1a95, 0x5,
  0x1a96, 0x6, 0x1a97, 0x7, 0x1a98, 0x8, 0x1a99, 0x9, 0x1b50, 0x0, 0x1b51, 0x1,
  0x1b52, 0x2, 0x1b53, 0x3, 0x1b54, 0x4, 0x1b55, 0x5, 0x1b56, 0x6, 0x1b57, 0x7,
  0x1b58, 0x8, 0x1b59, 0x9, 0x1bb0, 0x0, 0x1bb1, 0x1, 0x1bb2, 0x2, 0x1bb3, 0x3,
  0x1bb4, 0x4, 0x1bb5, 0x5, 0x1bb6, 0x6, 0x1bb7, 0x7, 0x1bb8, 0x8, 0x1bb9, 0x9,
  0x1c40, 0x0, 0x1c41, 0x1, 0x1c42, 0x2, 0x1c43, 0x3, 0x1c44, 0x4, 0x1c45, 0x5,
  0x1c46, 0x6, 0x1c47, 0x7, 0x1c48, 0x8, 0x1c49, 0x9, 0x1c50, 0x0, 0x1c51, 0x1,
  0x1c52, 0x2, 0x1c53, 0x3, 0x1c54, 0x4, 0x1c55, 0x5, 0x1c56, 0x6, 0x1c57, 0x7,
  0x1c58, 0x8, 0x1c59, 0x9, 0xa620, 0x0, 0xa621, 0x1, 0xa622, 0x2, 0xa623, 0x3,
  0xa624, 0x4, 0xa625, 0x5, 0xa626, 0x6, 0xa627, 0x7, 0xa628, 0x8, 0xa629, 0x9,
  0xa8d0, 0x0, 0xa8d1, 0x1, 0xa8d2, 0x2, 0xa8d3, 0x3, 0xa8d4, 0x4, 0xa8d5, 0x5,
  0xa8d6, 0x6, 0xa8d7, 0x7, 0xa8d8, 0x8, 0xa8d9, 0x9, 0xa900, 0x0, 0xa901, 0x1,
  0xa902, 0x2, 0xa903, 0x3, 0xa904, 0x4, 0xa905, 0x5, 0xa906, 0x6, 0xa907, 0x7,
  0xa908, 0x8, 0xa909, 0x9, 0xa9d0, 0x0, 0xa9d1, 0x1, 0xa9d2, 0x2, 0xa9d3, 0x3,
  0xa9d4, 0x4, 0xa9d5, 0x5, 0xa9d6, 0x6, 0xa9d7, 0x7, 0xa9d8, 0x8, 0xa9d9, 0x9,
  0xa9f0, 0x0, 0xa9f1, 0x1, 0xa9f2, 0x2, 0xa9f3, 0x3, 0xa9f4, 0x4, 0xa9f5, 0x5,
  0xa9f6, 0x6, 0xa9f7, 0x7, 0xa9f8, 0x8, 0xa9f9, 0x9, 0xaa50, 0x0, 0xaa51, 0x1,
  0xaa52, 0x2, 0xaa53, 0x3, 0xaa54, 0x4, 0xaa55, 0x5, 0xaa56, 0x6, 0xaa57, 0x7,
  0xaa58, 0x8, 0xaa59, 0x9, 0xabf0, 0x0, 0xabf1, 0x1, 0xabf2, 0x2, 0xabf3, 0x3,
  0xabf4, 0x4, 0xabf5, 0x5, 0xabf6, 0x6, 0xabf7, 0x7, 0xabf8, 0x8, 0xabf9, 0x9,
  0xff10, 0x0, 0xff11, 0x1, 0xff12, 0x2, 0xff13, 0x3, 0xff14, 0x4, 0xff15, 0x5,
  0xff16, 0x6, 0xff17, 0x7, 0xff18, 0x8, 0xff19, 0x9, 0x104a0, 0x0, 0x104a1, 0x1,
  0x104a2, 0x2, 0x104a3, 0x3, 0x104a4, 0x4, 0x104a5, 0x5, 0x104a6, 0x6, 0x104a7, 0x7,
  0x104a8, 0x8, 0x104a9, 0x9, 0x10d30, 0x0, 0x10d31, 0x1, 0x10d32, 0x2, 0x10d33, 0x3,
  0x10d34, 0x4, 0x10d35, 0x5, 0x10d36, 0x6, 0x10d37, 0x7, 0x10d38, 0x8, 0x10d39, 0x9,
  0x10d40, 0x0, 0x10d41, 0x1, 0x10d42, 0x2, 0x10d43, 0x3, 0x10d44, 0x4, 0x10d45, 0x5,
  0x10d46, 0x6, 0x10d47, 0x7, 0x10d48, 0x8, 0x10d49, 0x9, 0x11066, 0x0, 0x11067, 0x1,
  0x11068, 0x2, 0x11069, 0x3, 0x1106a, 0x4, 0x1106b, 0x5, 0x1106c, 0x6, 0x1106d, 0x7,
  0x1106e, 0x8, 0x1106f, 0x9, 0x110f0, 0x0, 0x110f1, 0x1, 0x110f2, 0x2, 0x110f3, 0x3,
  0x110f4, 0x4, 0x110f5, 0x5, 0x110f6, 0x6, 0x110f7, 0x7, 0x110f8, 0x8, 0x110f9, 0x9,
  0x11136, 0x0, 0x11137, 0x1, 0x11138, 0x2, 0x11139, 0x3, 0x1113a, 0x4, 0x1113b, 0x5,
  0x1113c, 0x6, 0x1113d, 0x7, 0x1113e, 0x8, 0x1113f, 0x9, 0x111d0, 0x0, 0x111d1, 0x1,
  0x111d2, 0x2, 0x111d3, 0x3, 0x111d4, 0x4, 0x111d5, 0x5, 0x111d6, 0x6, 0x111d7, 0x7,
  0x111d8, 0x8, 0x111d9, 0x9, 0x112f0, 0x0, 0x112f1, 0x1, 0x112f2, 0x2, 0x112f3, 0x3,
  0x112f4, 0x4, 0x112f5, 0x5, 0x112f6, 0x6, 0x112f7, 0x7, 0x112f8, 0x8, 0x112f9, 0x9,
  0x11450, 0x0, 0x11451, 0x1, 0x11452, 0x2, 0x11453, 0x3, 0x11454, 0x4, 0x11455, 0x5,
  0x11456, 0x6, 0x11457, 0x7, 0x11458, 0x8, 0x11459, 0x9, 0x114d0, 0x0, 0x114d1, 0x1,
  0x114d2, 0x2, 0x114d3, 0x3, 0x114d4, 0x4, 0x114d5, 0x5, 0x114d6, 0x6, 0x114d7, 0x7,
  0x114d8, 0x8, 0x114d9, 0x9, 0x11650, 0x0, 0x11651, 0x1, 0x11652, 0x2, 0x11653, 0x3,
  0x11654, 0x4, 0x11655, 0x5, 0x11656, 0x6, 0x11657, 0x7, 0x11658, 0x8, 0x11659, 0x9,
  0x116c0, 0x0, 0x116c1, 0x1, 0x116c2, 0x2, 0x116c3, 0x3, 0x116c4, 0x4, 0x116c5, 0x5,
  0x116c6, 0x6, 0x116c7, 0x7, 0x116c8, 0x8, 0x116c9, 0x9, 0x116d0, 0x0, 0x116d1, 0x1,
  0x116d2, 0x2, 0x116d3, 0x3, 0x116d4, 0x4, 0x116d5, 0x5, 0x116d6, 0x6, 0x116d7, 0x7,
  0x116d8, 0x8, 0x116d9, 0x9, 0x116da, 0x0, 0x116db, 0x1, 0x116dc, 0x2, 0x116dd, 0x3,
  0x116de, 0x4, 0x116df, 0x5, 0x116e0, 0x6, 0x116e1, 0x7, 0x116e2, 0x8, 0x116e3, 0x9,
  0x11730, 0x0, 0x11731, 0x1, 0x11732, 0x2, 0x11733, 0x3, 0x11734, 0x4, 0x11735, 0x5,
  0x11736, 0x6, 0x11737, 0x7, 0x11738, 0x8, 0x11739, 0x9, 0x118e0, 0x0, 0x118e1, 0x1,
  0x118e2, 0x2, 0x118e3, 0x3, 0x118e4, 0x4, 0x118e5, 0x5, 0x118e6, 0x6, 0x118e7, 0x7,
  0x118e8, 0x8, 0x118e9, 0x9, 0x11950, 0x0, 0x11951, 0x1, 0x11952, 0x2, 0x11953, 0x3,
  0x11954, 0x4, 0x11955, 0x5, 0x11956, 0x6, 0x11957, 0x7, 0x11958, 0x8, 0x11959, 0x9,
  0x11bf0, 0x0, 0x11bf1, 0x1, 0x11bf2, 0x2, 0x11bf3, 0x3, 0x11bf4, 0x4, 0x11bf5, 0x5,
  0x11bf6, 0x6, 0x11bf7, 0x7, 0x11bf8, 0x8, 0x11bf9, 0x9, 0x11c50, 0x0, 0x11c51, 0x1,
  0x11c52, 0x2, 0x11c53, 0x3, 0x11c54, 0x4, 0x11c55, 0x5, 0x11c56, 0x6, 0x11c57, 0x7,
  0x11c58, 0x8, 0x11c59, 0x9, 0x11d50, 0x0, 0x11d51, 0x1, 0x11d52, 0x2, 0x11d53, 0x3,
  0x11d54, 0x4, 0x11d55, 0x5, 0x11d56, 0x6, 0x11d57, 0x7, 0x11d58, 0x8, 0x11d59, 0x9,
  0x11da0, 0x0, 0x11da1, 0x1, 0x11da2, 0x2, 0x11da3, 0x3, 0x11da4, 0x4, 0x11da5, 0x5,
  0x11da6, 0x6, 0x11da7, 0x7, 0x11da8, 0x8, 0x11da9, 0x9, 0x11f50, 0x0, 0x11f51, 0x1,
  0x11f52, 0x2, 0x11f53, 0x3, 0x11f54, 0x4, 0x11f55, 0x5, 0x11f56, 0x6, 0x11f57, 0x7,
  0x11f58, 0x8, 0x11f59, 0x9, 0x16130, 0x0, 0x16131, 0x1, 0x16132, 0x2, 0x16133, 0x3,
  0x16134, 0x4, 0x16135, 0x5, 0x16136, 0x6, 0x16137, 0x7, 0x16138, 0x8, 0x16139, 0x9,
  0x16a60, 0x0, 0x16a61, 0x1, 0x16a62, 0x2, 0x16a63, 0x3, 0x16a64, 0x4, 0x16a65, 0x5,
  0x16a66, 0x6, 0x16a67, 0x7, 0x16a68, 0x8, 0x16a69, 0x9, 0x16ac0, 0x0, 0x16ac1, 0x1,
  0x16ac2, 0x2, 0x16ac3, 0x3, 0x16ac4, 0x4, 0x16ac5, 0x5, 0x16ac6, 0x6, 0x16ac7, 0x7,
  0x16ac8, 0x8, 0x16ac9, 0x9, 0x16b50, 0x0, 0x16b51, 0x1, 0x16b52, 0x2, 0x16b53, 0x3,
  0x16b54, 0x4, 0x16b55, 0x5, 0x16b56, 0x6, 0x16b57, 0x7, 0x16b58, 0x8, 0x16b59, 0x9,
  0x16d70, 0x0, 0x16d71, 0x1, 0x16d72, 0x2, 0x16d73, 0x3, 0x16d74, 0x4, 0x16d75, 0x5,
  0x16d76, 0x6, 0x16d77, 0x7, 0x16d78, 0x8, 0x16d79, 0x9, 0x1ccf0, 0x0, 0x1ccf1, 0x1,
  0x1ccf2, 0x2, 0x1ccf3, 0x3, 0x1ccf4, 0x4, 0x1ccf5, 0x5, 0x1ccf6, 0x6, 0x1ccf7, 0x7,
  0x1ccf8, 0x8, 0x1ccf9, 0x9, 0x1d7ce, 0x0, 0x1d7cf, 0x1, 0x1d7d0, 0x2, 0x1d7d1, 0x3,
  0x1d7d2, 0x4, 0x1d7d3, 0x5, 0x1d7d4, 0x6, 0x1d7d5, 0x7, 0x1d7d6, 0x8, 0x1d7d7, 0x9,
  0x1d7d8, 0x0, 0x1d7d9, 0x1, 0x1d7da, 0x2, 0x1d7db, 0x3, 0x1d7dc, 0x4, 0x1d7dd, 0x5,
  0x1d7de, 0x6, 0x1d7df, 0x7, 0x1d7e0, 0x8, 0x1d7e1, 0x9, 0x1d7e2, 0x0, 0x1d7e3, 0x1,
  0x1d7e4, 0x2, 0x1d7e5, 0x3, 0x1d7e6, 0x4, 0x1d7e7, 0x5, 0x1d7e8, 0x6, 0x1d7e9, 0x7,
  0x1d7ea, 0x8, 0x1d7eb, 0x9, 0x1d7ec, 0x0, 0x1d7ed, 0x1, 0x1d7ee, 0x2, 0x1d7ef, 0x3,
  0x1d7f0, 0x4, 0x1d7f1, 0x5, 0x1d7f2, 0x6, 0x1d7f3, 0x7, 0x1d7f4, 0x8, 0x1d7f5, 0x9,
  0x1d7f6, 0x0, 0x1d7f7, 0x1, 0x1d7f8, 0x2, 0x1d7f9, 0x3, 0x1d7fa, 0x4, 0x1d7fb, 0x5,
  0x1d7fc, 0x6, 0x1d7fd, 0x7, 0x1d7fe, 0x8, 0x1d7ff, 0x9, 0x1e140, 0x0, 0x1e141, 0x1,
  0x1e142, 0x2, 0x1e143, 0x3, 0x1e144, 0x4, 0x1e145, 0x5, 0x1e146, 0x6, 0x1e147, 0x7,
  0x1e148, 0x8, 0x1e149, 0x9, 0x1e2f0, 0x0, 0x1e2f1, 0x1, 0x1e2f2, 0x2, 0x1e2f3, 0x3,
  0x1e2f4, 0x4, 0x1e2f5, 0x5, 0x1e2f6, 0x6, 0x1e2f7, 0x7, 0x1e2f8, 0x8, 0x1e2f9, 0x9,
  0x1e4f0, 0x0, 0x1e4f1, 0x1, 0x1e4f2, 0x2, 0x1e4f3, 0x3, 0x1e4f4, 0x4, 0x1e4f5, 0x5,
  0x1e4f6, 0x6, 0x1e4f7, 0x7, 0x1e4f8, 0x8, 0x1e4f9, 0x9, 0x1e5f1, 0x0, 0x1e5f2, 0x1,
  0x1e5f3, 0x2, 0x1e5f4, 0x3, 0x1e5f5, 0x4, 0x1e5f6, 0x5, 0x1e5f7, 0x6, 0x1e5f8, 0x7,
  0x1e5f9, 0x8, 0x1e5fa, 0x9, 0x1e950, 0x0, 0x1e951, 0x1, 0x1e952, 0x2, 0x1e953, 0x3,
  0x1e954, 0x4, 0x1e955, 0x5, 0x1e956, 0x6, 0x1e957, 0x7, 0x1e958, 0x8, 0x1e959, 0x9,
  0x1fbf0, 0x0, 0x1fbf1, 0x1, 0x1fbf2, 0x2, 0x1fbf3, 0x3, 0x1fbf4, 0x4, 0x1fbf5, 0x5,
  0x1fbf6, 0x6, 0x1fbf7, 0x7, 0x1fbf8, 0x8, 0x1fbf9, 0x9,
};
static constexpr uint32_t kDigit[] = {
  0x30, 0x39, 0xb2, 0xb3, 0xb9, 0xb9, 0x660, 0x669, 0x6f0, 0x6f9, 0x7c0, 0x7c9,
  0x966, 0x96f, 0x9e6, 0x9ef, 0xa66, 0xa6f, 0xae6, 0xaef, 0xb66, 0xb6f, 0xbe6, 0xbef,
  0xc66, 0xc6f, 0xce6, 0xcef, 0xd66, 0xd6f, 0xde6, 0xdef, 0xe50, 0xe59, 0xed0, 0xed9,
  0xf20, 0xf29, 0x1040, 0x1049, 0x1090, 0x1099, 0x1369, 0x1371, 0x17e0, 0x17e9, 0x1810, 0x1819,
  0x1946, 0x194f, 0x19d0, 0x19da, 0x1a80, 0x1a89, 0x1a90, 0x1a99, 0x1b50, 0x1b59, 0x1bb0, 0x1bb9,
  0x1c40, 0x1c49, 0x1c50, 0x1c59, 0x2070, 0x2070, 0x2074, 0x2079, 0x2080, 0x2089, 0x2460, 0x2468,
  0x2474, 0x247c, 0x2488, 0x2490, 0x24ea, 0x24ea, 0x24f5, 0x24fd, 0x24ff, 0x24ff, 0x2776, 0x277e,
  0x2780, 0x2788, 0x278a, 0x2792, 0xa620, 0xa629, 0xa8d0, 0xa8d9, 0xa900, 0xa909, 0xa9d0, 0xa9d9,
  0xa9f0, 0xa9f9, 0xaa50, 0xaa59, 0xabf0, 0xabf9, 0xff10, 0xff19, 0x104a0, 0x104a9, 0x10a40, 0x10a43,
  0x10d30, 0x10d39, 0x10d40, 0x10d49, 0x10e60, 0x10e68, 0x11052, 0x1105a, 0x11066, 0x1106f, 0x110f0, 0x110f9,
  0x11136, 0x1113f, 0x111d0, 0x111d9, 0x112f0, 0x112f9, 0x11450, 0x11459, 0x114d0, 0x114d9, 0x11650, 0x11659,
  0x116c0, 0x116c9, 0x116d0, 0x116e3, 0x11730, 0x11739, 0x118e0, 0x118e9, 0x11950, 0x11959, 0x11bf0, 0x11bf9,
  0x11c50, 0x11c59, 0x11d50, 0x11d59, 0x11da0, 0x11da9, 0x11f50, 0x11f59, 0x16130, 0x16139, 0x16a60, 0x16a69,
  0x16ac0, 0x16ac9, 0x16b50, 0x16b59, 0x16d70, 0x16d79, 0x1ccf0, 0x1ccf9, 0x1d7ce, 0x1d7ff, 0x1e140, 0x1e149,
  0x1e2f0, 0x1e2f9, 0x1e4f0, 0x1e4f9, 0x1e5f1, 0x1e5fa, 0x1e950, 0x1e959, 0x1f100, 0x1f10a, 0x1fbf0, 0x1fbf9,
};
static constexpr uint32_t kCombining[] = {
  0x300, 0xe6, 0x301, 0xe6, 0x302, 0xe6, 0x303, 0xe6, 0x304, 0xe6, 0x305, 0xe6,
  0x306, 0xe6, 0x307, 0xe6, 0x308, 0xe6, 0x309, 0xe6, 0x30a, 0xe6, 0x30b, 0xe6,
  0x30c, 0xe6, 0x30d, 0xe6, 0x30e, 0xe6, 0x30f, 0xe6, 0x310, 0xe6, 0x311, 0xe6,
  0x312, 0xe6, 0x313, 0xe6, 0x314, 0xe6, 0x315, 0xe8, 0x316, 0xdc, 0x317, 0xdc,
  0x318, 0xdc, 0x319, 0xdc, 0x31a, 0xe8, 0x31b, 0xd8, 0x31c, 0xdc, 0x31d, 0xdc,
  0x31e, 0xdc, 0x31f, 0xdc, 0x320, 0xdc, 0x321, 0xca, 0x322, 0xca, 0x323, 0xdc,
  0x324, 0xdc, 0x325, 0xdc, 0x326, 0xdc, 0x327, 0xca, 0x328, 0xca, 0x329, 0xdc,
  0x32a, 0xdc, 0x32b, 0xdc, 0x32c, 0xdc, 0x32d, 0xdc, 0x32e, 0xdc, 0x32f, 0xdc,
  0x330, 0xdc, 0x331, 0xdc, 0x332, 0xdc, 0x333, 0xdc, 0x334, 0x1, 0x335, 0x1,
  0x336, 0x1, 0x337, 0x1, 0x338, 0x1, 0x339, 0xdc, 0x33a, 0xdc, 0x33b, 0xdc,
  0x33c, 0xdc, 0x33d, 0xe6, 0x33e, 0xe6, 0x33f, 0xe6, 0x340, 0xe6, 0x341, 0xe6,
  0x342, 0xe6, 0x343, 0xe6, 0x344, 0xe6, 0x345, 0xf0, 0x346, 0xe6, 0x347, 0xdc,
  0x348, 0xdc, 0x349, 0xdc, 0x34a, 0xe6, 0x34b, 0xe6, 0x34c, 0xe6, 0x34d, 0xdc,
  0x34e, 0xdc, 0x350, 0xe6, 0x351, 0xe6, 0x352, 0xe6, 0x353, 0xdc, 0x354, 0xdc,
  0x355, 0xdc, 0x356, 0xdc, 0x357, 0xe6, 0x358, 0xe8, 0x359, 0xdc, 0x35a, 0xdc,
  0x35b, 0xe6, 0x35c, 0xe9, 0x35d, 0xea, 0x35e, 0xea, 0x35f, 0xe9, 0x360, 0xea,
  0x361, 0xea, 0x362, 0xe9, 0x363, 0xe6, 0x364, 0xe6, 0x365, 0xe6, 0x366, 0xe6,
  0x367, 0xe6, 0x368, 0xe6, 0x369, 0xe6, 0x36a, 0xe6, 0x36b, 0xe6, 0x36c, 0xe6,
  0x36d, 0xe6, 0x36e, 0xe6, 0x36f, 0xe6, 0x483, 0xe6, 0x484, 0xe6, 0x485, 0xe6,
  0x486, 0xe6, 0x487, 0xe6, 0x591, 0xdc, 0x592, 0xe6, 0x593, 0xe6, 0x594, 0xe6,
  0x595, 0xe6, 0x596, 0xdc, 0x597, 0xe6, 0x598, 0xe6, 0x599, 0xe6, 0x59a, 0xde,
  0x59b, 0xdc, 0x59c, 0xe6, 0x59d, 0xe6, 0x59e, 0xe6, 0x59f, 0xe6, 0x5a0, 0xe6,
  0x5a1, 0xe6, 0x5a2, 0xdc, 0x5a3, 0xdc, 0x5a4, 0xdc, 0x5a5, 0xdc, 0x5a6, 0xdc,
  0x5a7, 0xdc, 0x5a8, 0xe6, 0x5a9, 0xe6, 0x5aa, 0xdc, 0x5ab, 0xe6, 0x5ac, 0xe6,
  0x5ad, 0xde, 0x5ae, 0xe4, 0x5af, 0xe6, 0x5b0, 0xa, 0x5b1, 0xb, 0x5b2, 0xc,
  0x5b3, 0xd, 0x5b4, 0xe, 0x5b5, 0xf, 0x5b6, 0x10, 0x5b7, 0x11, 0x5b8, 0x12,
  0x5b9, 0x13, 0x5ba, 0x13, 0x5bb, 0x14, 0x5bc, 0x15, 0x5bd, 0x16, 0x5bf, 0x17,
  0x5c1, 0x18, 0x5c2, 0x19, 0x5c4, 0xe6, 0x5c5, 0xdc, 0x5c7, 0x12, 0x610, 0xe6,
  0x611, 0xe6, 0x612, 0xe6, 0x613, 0xe6, 0x614, 0xe6, 0x615, 0xe6, 0x616, 0xe6,
  0x617, 0xe6, 0x618, 0x1e, 0x619, 0x1f, 0x61a, 0x20, 0x64b, 0x1b, 0x64c, 0x1c,
  0x64d, 0x1d, 0x64e, 0x1e, 0x64f, 0x1f, 0x650, 0x20, 0x651, 0x21, 0x652, 0x22,
  0x653, 0xe6, 0x654, 0xe6, 0x655, 0xdc, 0x656, 0xdc, 0x657, 0xe6, 0x658, 0xe6,
  0x659, 0xe6, 0x65a, 0xe6, 0x65b, 0xe6, 0x65c, 0xdc, 0x65d, 0xe6, 0x65e, 0xe6,
  0x65f, 0xdc, 0x670, 0x23, 0x6d6, 0xe6, 0x6d7, 0xe6, 0x6d8, 0xe6, 0x6d9, 0xe6,
  0x6da, 0xe6, 0x6db, 0xe6, 0x6dc, 0xe6, 0x6df, 0xe6, 0x6e0, 0xe6, 0x6e1, 0xe6,
  0x6e2, 0xe6, 0x6e3, 0xdc, 0x6e4, 0xe6, 0x6e7, 0xe6, 0x6e8, 0xe6, 0x6ea, 0xdc,
  0x6eb, 0xe6, 0x6ec, 0xe6, 0x6ed, 0xdc, 0x711, 0x24, 0x730, 0xe6, 0x731, 0xdc,
  0x732, 0xe6, 0x733, 0xe6, 0x734, 0xdc, 0x735, 0xe6, 0x736, 0xe6, 0x737, 0xdc,
  0x738, 0xdc, 0x739, 0xdc, 0x73a, 0xe6, 0x73b, 0xdc, 0x73c, 0xdc, 0x73d, 0xe6,
  0x73e, 0xdc, 0x73f, 0xe6, 0x740, 0xe6, 0x741, 0xe6, 0x742, 0xdc, 0x743, 0xe6,
  0x744, 0xdc, 0x745, 0xe6, 0x746, 0xdc, 0x747, 0xe6, 0x748, 0xdc, 0x749, 0xe6,
  0x74a, 0xe6, 0x7eb, 0xe6, 0x7ec, 0xe6, 0x7ed, 0xe6, 0x7ee, 0xe6, 0x7ef, 0xe6,
  0x7f0, 0xe6, 0x7f1, 0xe6, 0x7f2, 0xdc, 0x7f3, 0xe6, 0x7fd, 0xdc, 0x816, 0xe6,
  0x817, 0xe6, 0x818, 0xe6, 0x819, 0xe6, 0x81b, 0xe6, 0x81c, 0xe6, 0x81d, 0xe6,
  0x81e, 0xe6, 0x81f, 0xe6, 0x820, 0xe6, 0x821, 0xe6, 0x822, 0xe6, 0x823, 0xe6,
  0x825, 0xe6, 0x826, 0xe6, 0x827, 0xe6, 0x829, 0xe6, 0x82a, 0xe6, 0x82b, 0xe6,
  0x82c, 0xe6, 0x82d, 0xe6, 0x859, 0xdc, 0x85a, 0xdc, 0x85b, 0xdc, 0x897, 0xe6,
  0x898, 0xe6, 0x899, 0xdc, 0x89a, 0xdc, 0x89b, 0xdc, 0x89c, 0xe6, 0x89d, 0xe6,
  0x89e, 0xe6, 0x89f, 0xe6, 0x8ca, 0xe6, 0x8cb, 0xe6, 0x8cc, 0xe6, 0x8cd, 0xe6,
  0x8ce, 0xe6, 0x8cf, 0xdc, 0x8d0, 0xdc, 0x8d1, 0xdc, 0x8d2, 0xdc, 0x8d3, 0xdc,
  0x8d4, 0xe6, 0x8d5, 0xe6, 0x8d6, 0xe6, 0x8d7, 0xe6, 0x8d8, 0xe6, 0x8d9, 0xe6,
  0x8da, 0xe6, 0x8db, 0xe6, 0x8dc, 0xe6, 0x8dd, 0xe6, 0x8de, 0xe6, 0x8df, 0xe6,
  0x8e0, 0xe6, 0x8e1, 0xe6, 0x8e3, 0xdc, 0x8e4, 0xe6, 0x8e5, 0xe6, 0x8e6, 0xdc,
  0x8e7, 0xe6, 0x8e8, 0xe6, 0x8e9, 0xdc, 0x8ea, 0xe6, 0x8eb, 0xe6, 0x8ec, 0xe6,
  0x8ed, 0xdc, 0x8ee, 0xdc, 0x8ef, 0xdc, 0x8f0, 0x1b, 0x8f1, 0x1c, 0x8f2, 0x1d,
  0x8f3, 0xe6, 0x8f4, 0xe6, 0x8f5, 0xe6, 0x8f6, 0xdc, 0x8f7, 0xe6, 0x8f8, 0xe6,
  0x8f9, 0xdc, 0x8fa, 0xdc, 0x8fb, 0xe6, 0x8fc, 0xe6, 0x8fd, 0xe6, 0x8fe, 0xe6,
  0x8ff, 0xe6, 0x93c, 0x7, 0x94d, 0x9, 0x951, 0xe6, 0x952, 0xdc, 0x953, 0xe6,
  0x954, 0xe6, 0x9bc, 0x7, 0x9cd, 0x9, 0x9fe, 0xe6, 0xa3c, 0x7, 0xa4d, 0x9,
  0xabc, 0x7, 0xacd, 0x9, 0xb3c, 0x7, 0xb4d, 0x9, 0xbcd, 0x9, 0xc3c, 0x7,
  0xc4d, 0x9, 0xc55, 0x54, 0xc56, 0x5b, 0xcbc, 0x7, 0xccd, 0x9, 0xd3b, 0x9,
  0xd3c, 0x9, 0xd4d, 0x9, 0xdca, 0x9, 0xe38, 0x67, 0xe39, 0x67, 0xe3a, 0x9,
  0xe48, 0x6b, 0xe49, 0x6b, 0xe4a, 0x6b, 0xe4b, 0x6b, 0xeb8, 0x76, 0xeb9, 0x76,
  0xeba, 0x9, 0xec8, 0x7a, 0xec9, 0x7a, 0xeca, 0x7a, 0xecb, 0x7a, 0xf18, 0xdc,
  0xf19, 0xdc, 0xf35, 0xdc, 0xf37, 0xdc, 0xf39, 0xd8, 0xf71, 0x81, 0xf72, 0x82,
  0xf74, 0x84, 0xf7a, 0x82, 0xf7b, 0x82, 0xf7c, 0x82, 0xf7d, 0x82, 0xf80, 0x82,
  0xf82, 0xe6, 0xf83, 0xe6, 0xf84, 0x9, 0xf86, 0xe6, 0xf87, 0xe6, 0xfc6, 0xdc,
  0x1037, 0x7, 0x1039, 0x9, 0x103a, 0x9, 0x108d, 0xdc, 0x135d, 0xe6, 0x135e, 0xe6,
  0x135f, 0xe6, 0x1714, 0x9, 0x1715, 0x9, 0x1734, 0x9, 0x17d2, 0x9, 0x17dd, 0xe6,
  0x18a9, 0xe4, 0x1939, 0xde, 0x193a, 0xe6, 0x193b, 0xdc, 0x1a17, 0xe6, 0x1a18, 0xdc,
  0x1a60, 0x9, 0x1a75, 0xe6, 0x1a76, 0xe6, 0x1a77, 0xe6, 0x1a78, 0xe6, 0x1a79, 0xe6,
  0x1a7a, 0xe6, 0x1a7b, 0xe6, 0x1a7c, 0xe6, 0x1a7f, 0xdc, 0x1ab0, 0xe6, 0x1ab1, 0xe6,
  0x1ab2, 0xe6, 0x1ab3, 0xe6, 0x1ab4, 0xe6, 0x1ab5, 0xdc, 0x1ab6, 0xdc, 0x1ab7, 0xdc,
  0x1ab8, 0xdc, 0x1ab9, 0xdc, 0x1aba, 0xdc, 0x1abb, 0xe6, 0x1abc, 0xe6, 0x1abd, 0xdc,
  0x1abf, 0xdc, 0x1ac0, 0xdc, 0x1ac1, 0xe6, 0x1ac2, 0xe6, 0x1ac3, 0xdc, 0x1ac4, 0xdc,
  0x1ac5, 0xe6, 0x1ac6, 0xe6, 0x1ac7, 0xe6, 0x1ac8, 0xe6, 0x1ac9, 0xe6, 0x1aca, 0xdc,
  0x1acb, 0xe6, 0x1acc, 0xe6, 0x1acd, 0xe6, 0x1ace, 0xe6, 0x1b34, 0x7, 0x1b44, 0x9,
  0x1b6b, 0xe6, 0x1b6c, 0xdc, 0x1b6d, 0xe6, 0x1b6e, 0xe6, 0x1b6f, 0xe6, 0x1b70, 0xe6,
  0x1b71, 0xe6, 0x1b72, 0xe6, 0x1b73, 0xe6, 0x1baa, 0x9, 0x1bab, 0x9, 0x1be6, 0x7,
  0x1bf2, 0x9, 0x1bf3, 0x9, 0x1c37, 0x7, 0x1cd0, 0xe6, 0x1cd1, 0xe6, 0x1cd2, 0xe6,
  0x1cd4, 0x1, 0x1cd5, 0xdc, 0x1cd6, 0xdc, 0x1cd7, 0xdc, 0x1cd8, 0xdc, 0x1cd9, 0xdc,
  0x1cda, 0xe6, 0x1cdb, 0xe6, 0x1cdc, 0xdc, 0x1cdd, 0xdc, 0x1cde, 0xdc, 0x1cdf, 0xdc,
  0x1ce0, 0xe6, 0x1ce2, 0x1, 0x1ce3, 0x1, 0x1ce4, 0x1, 0x1ce5, 0x1, 0x1ce6, 0x1,
  0x1ce7, 0x1, 0x1ce8, 0x1, 0x1ced, 0xdc, 0x1cf4, 0xe6, 0x1cf8, 0xe6, 0x1cf9, 0xe6,
  0x1dc0, 0xe6, 0x1dc1, 0xe6, 0x1dc2, 0xdc, 0x1dc3, 0xe6, 0x1dc4, 0xe6, 0x1dc5, 0xe6,
  0x1dc6, 0xe6, 0x1dc7, 0xe6, 0x1dc8, 0xe6, 0x1dc9, 0xe6, 0x1dca, 0xdc, 0x1dcb, 0xe6,
  0x1dcc, 0xe6, 0x1dcd, 0xea, 0x1dce, 0xd6, 0x1dcf, 0xdc, 0x1dd0, 0xca, 0x1dd1, 0xe6,
  0x1dd2, 0xe6, 0x1dd3, 0xe6, 0x1dd4, 0xe6, 0x1dd5, 0xe6, 0x1dd6, 0xe6, 0x1dd7, 0xe6,
  0x1dd8, 0xe6, 0x1dd9, 0xe6, 0x1dda, 0xe6, 0x1ddb, 0xe6, 0x1ddc, 0xe6, 0x1ddd, 0xe6,
  0x1dde, 0xe6, 0x1ddf, 0xe6, 0x1de0, 0xe6, 0x1de1, 0xe6, 0x1de2, 0xe6, 0x1de3, 0xe6,
  0x1de4, 0xe6, 0x1de5, 0xe6, 0x1de6, 0xe6, 0x1de7, 0xe6, 0x1de8, 0xe6, 0x1de9, 0xe6,
  0x1dea, 0xe6, 0x1deb, 0xe6, 0x1dec, 0xe6, 0x1ded, 0xe6, 0x1dee, 0xe6, 0x1def, 0xe6,
  0x1df0, 0xe6, 0x1df1, 0xe6, 0x1df2, 0xe6, 0x1df3, 0xe6, 0x1df4, 0xe6, 0x1df5, 0xe6,
  0x1df6, 0xe8, 0x1df7, 0xe4, 0x1df8, 0xe4, 0x1df9, 0xdc, 0x1dfa, 0xda, 0x1dfb, 0xe6,
  0x1dfc, 0xe9, 0x1dfd, 0xdc, 0x1dfe, 0xe6, 0x1dff, 0xdc, 0x20d0, 0xe6, 0x20d1, 0xe6,
  0x20d2, 0x1, 0x20d3, 0x1, 0x20d4, 0xe6, 0x20d5, 0xe6, 0x20d6, 0xe6, 0x20d7, 0xe6,
  0x20d8, 0x1, 0x20d9, 0x1, 0x20da, 0x1, 0x20db, 0xe6, 0x20dc, 0xe6, 0x20e1, 0xe6,
  0x20e5, 0x1, 0x20e6, 0x1, 0x20e7, 0xe6, 0x20e8, 0xdc, 0x20e9, 0xe6, 0x20ea, 0x1,
  0x20eb, 0x1, 0x20ec, 0xdc, 0x20ed, 0xdc, 0x20ee, 0xdc, 0x20ef, 0xdc, 0x20f0, 0xe6,
  0x2cef, 0xe6, 0x2cf0, 0xe6, 0x2cf1, 0xe6, 0x2d7f, 0x9, 0x2de0, 0xe6, 0x2de1, 0xe6,
  0x2de2, 0xe6, 0x2de3, 0xe6, 0x2de4, 0xe6, 0x2de5, 0xe6, 0x2de6, 0xe6, 0x2de7, 0xe6,
  0x2de8, 0xe6, 0x2de9, 0xe6, 0x2dea, 0xe6, 0x2deb, 0xe6, 0x2dec, 0xe6, 0x2ded, 0xe6,
  0x2dee, 0xe6, 0x2def, 0xe6, 0x2df0, 0xe6, 0x2df1, 0xe6, 0x2df2, 0xe6, 0x2df3, 0xe6,
  0x2df4, 0xe6, 0x2df5, 0xe6, 0x2df6, 0xe6, 0x2df7, 0xe6, 0x2df8, 0xe6, 0x2df9, 0xe6,
  0x2dfa, 0xe6, 0x2dfb, 0xe6, 0x2dfc, 0xe6, 0x2dfd, 0xe6, 0x2dfe, 0xe6, 0x2dff, 0xe6,
  0x302a, 0xda, 0x302b, 0xe4, 0x302c, 0xe8, 0x302d, 0xde, 0x302e, 0xe0, 0x302f, 0xe0,
  0x3099, 0x8, 0x309a, 0x8, 0xa66f, 0xe6, 0xa674, 0xe6, 0xa675, 0xe6, 0xa676, 0xe6,
  0xa677, 0xe6, 0xa678, 0xe6, 0xa679, 0xe6, 0xa67a, 0xe6, 0xa67b, 0xe6, 0xa67c, 0xe6,
  0xa67d, 0xe6, 0xa69e, 0xe6, 0xa69f, 0xe6, 0xa6f0, 0xe6, 0xa6f1, 0xe6, 0xa806, 0x9,
  0xa82c, 0x9, 0xa8c4, 0x9, 0xa8e0, 0xe6, 0xa8e1, 0xe6, 0xa8e2, 0xe6, 0xa8e3, 0xe6,
  0xa8e4, 0xe6, 0xa8e5, 0xe6, 0xa8e6, 0xe6, 0xa8e7, 0xe6, 0xa8e8, 0xe6, 0xa8e9, 0xe6,
  0xa8ea, 0xe6, 0xa8eb, 0xe6, 0xa8ec, 0xe6, 0xa8ed, 0xe6, 0xa8ee, 0xe6, 0xa8ef, 0xe6,
  0xa8f0, 0xe6, 0xa8f1, 0xe6, 0xa92b, 0xdc, 0xa92c, 0xdc, 0xa92d, 0xdc, 0xa953, 0x9,
  0xa9b3, 0x7, 0xa9c0, 0x9, 0xaab0, 0xe6, 0xaab2, 0xe6, 0xaab3, 0xe6, 0xaab4, 0xdc,
  0xaab7, 0xe6, 0xaab8, 0xe6, 0xaabe, 0xe6, 0xaabf, 0xe6, 0xaac1, 0xe6, 0xaaf6, 0x9,
  0xabed, 0x9, 0xfb1e, 0x1a, 0xfe20, 0xe6, 0xfe21, 0xe6, 0xfe22, 0xe6, 0xfe23, 0xe6,
  0xfe24, 0xe6, 0xfe25, 0xe6, 0xfe26, 0xe6, 0xfe27, 0xdc, 0xfe28, 0xdc, 0xfe29, 0xdc,
  0xfe2a, 0xdc, 0xfe2b, 0xdc, 0xfe2c, 0xdc, 0xfe2d, 0xdc, 0xfe2e, 0xe6, 0xfe2f, 0xe6,
  0x101fd, 0xdc, 0x102e0, 0xdc, 0x10376, 0xe6, 0x10377, 0xe6, 0x10378, 0xe6, 0x10379, 0xe6,
  0x1037a, 0xe6, 0x10a0d, 0xdc, 0x10a0f, 0xe6, 0x10a38, 0xe6, 0x10a39, 0x1, 0x10a3a, 0xdc,
  0x10a3f, 0x9, 0x10ae5, 0xe6, 0x10ae6, 0xdc, 0x10d24, 0xe6, 0x10d25, 0xe6, 0x10d26, 0xe6,
  0x10d27, 0xe6, 0x10d69, 0xe6, 0x10d6a, 0xe6, 0x10d6b, 0xe6, 0x10d6c, 0xe6, 0x10d6d, 0xe6,
  0x10eab, 0xe6, 0x10eac, 0xe6, 0x10efd, 0xdc, 0x10efe, 0xdc, 0x10eff, 0xdc, 0x10f46, 0xdc,
  0x10f47, 0xdc, 0x10f48, 0xe6, 0x10f49, 0xe6, 0x10f4a, 0xe6, 0x10f4b, 0xdc, 0x10f4c, 0xe6,
  0x10f4d, 0xdc, 0x10f4e, 0xdc, 0x10f4f, 0xdc, 0x10f50, 0xdc, 0x10f82, 0xe6, 0x10f83, 0xdc,
  0x10f84, 0xe6, 0x10f85, 0xdc, 0x11046, 0x9, 0x11070, 0x9, 0x1107f, 0x9, 0x110b9, 0x9,
  0x110ba, 0x7, 0x11100, 0xe6, 0x11101, 0xe6, 0x11102, 0xe6, 0x11133, 0x9, 0x11134, 0x9,
  0x11173, 0x7, 0x111c0, 0x9, 0x111ca, 0x7, 0x11235, 0x9, 0x11236, 0x7, 0x112e9, 0x7,
  0x112ea, 0x9, 0x1133b, 0x7, 0x1133c, 0x7, 0x1134d, 0x9, 0x11366, 0xe6, 0x11367, 0xe6,
  0x11368, 0xe6, 0x11369, 0xe6, 0x1136a, 0xe6, 0x1136b, 0xe6, 0x1136c, 0xe6, 0x11370, 0xe6,
  0x11371, 0xe6, 0x11372, 0xe6, 0x11373, 0xe6, 0x11374, 0xe6, 0x113ce, 0x9, 0x113cf, 0x9,
  0x113d0, 0x9, 0x11442, 0x9, 0x11446, 0x7, 0x1145e, 0xe6, 0x114c2, 0x9, 0x114c3, 0x7,
  0x115bf, 0x9, 0x115c0, 0x7, 0x1163f, 0x9, 0x116b6, 0x9, 0x116b7, 0x7, 0x1172b, 0x9,
  0x11839, 0x9, 0x1183a, 0x7, 0x1193d, 0x9, 0x1193e, 0x9, 0x11943, 0x7, 0x119e0, 0x9,
  0x11a34, 0x9, 0x11a47, 0x9, 0x11a99, 0x9, 0x11c3f, 0x9, 0x11d42, 0x7, 0x11d44, 0x9,
  0x11d45, 0x9, 0x11d97, 0x9, 0x11f41, 0x9, 0x11f42, 0x9, 0x1612f, 0x9, 0x16af0, 0x1,
  0x16af1, 0x1, 0x16af2, 0x1, 0x16af3, 0x1, 0x16af4, 0x1, 0x16b30, 0xe6, 0x16b31, 0xe6,
  0x16b32, 0xe6, 0x16b33, 0xe6, 0x16b34, 0xe6, 0x16b35, 0xe6, 0x16b36, 0xe6, 0x16ff0, 0x6,
  0x16ff1, 0x6, 0x1bc9e, 0x1, 0x1d165, 0xd8, 0x1d166, 0xd8, 0x1d167, 0x1, 0x1d168, 0x1,
  0x1d169, 0x1, 0x1d16d, 0xe2, 0x1d16e, 0xd8, 0x1d16f, 0xd8, 0x1d170, 0xd8, 0x1d171, 0xd8,
  0x1d172, 0xd8, 0x1d17b, 0xdc, 0x1d17c, 0xdc, 0x1d17d, 0xdc, 0x1d17e, 0xdc, 0x1d17f, 0xdc,
  0x1d180, 0xdc, 0x1d181, 0xdc, 0x1d182, 0xdc, 0x1d185, 0xe6, 0x1d186, 0xe6, 0x1d187, 0xe6,
  0x1d188, 0xe6, 0x1d189, 0xe6, 0x1d18a, 0xdc, 0x1d18b, 0xdc, 0x1d1aa, 0xe6, 0x1d1ab, 0xe6,
  0x1d1ac, 0xe6, 0x1d1ad, 0xe6, 0x1d242, 0xe6, 0x1d243, 0xe6, 0x1d244, 0xe6, 0x1e000, 0xe6,
  0x1e001, 0xe6, 0x1e002, 0xe6, 0x1e003, 0xe6, 0x1e004, 0xe6, 0x1e005, 0xe6, 0x1e006, 0xe6,
  0x1e008, 0xe6, 0x1e009, 0xe6, 0x1e00a, 0xe6, 0x1e00b, 0xe6, 0x1e00c, 0xe6, 0x1e00d, 0xe6,
  0x1e00e, 0xe6, 0x1e00f, 0xe6, 0x1e010, 0xe6, 0x1e011, 0xe6, 0x1e012, 0xe6, 0x1e013, 0xe6,
  0x1e014, 0xe6, 0x1e015, 0xe6, 0x1e016, 0xe6, 0x1e017, 0xe6, 0x1e018, 0xe6, 0x1e01b, 0xe6,
  0x1e01c, 0xe6, 0x1e01d, 0xe6, 0x1e01e, 0xe6, 0x1e01f, 0xe6, 0x1e020, 0xe6, 0x1e021, 0xe6,
  0x1e023, 0xe6, 0x1e024, 0xe6, 0x1e026, 0xe6, 0x1e027, 0xe6, 0x1e028, 0xe6, 0x1e029, 0xe6,
  0x1e02a, 0xe6, 0x1e08f, 0xe6, 0x1e130, 0xe6, 0x1e131, 0xe6, 0x1e132, 0xe6, 0x1e133, 0xe6,
  0x1e134, 0xe6, 0x1e135, 0xe6, 0x1e136, 0xe6, 0x1e2ae, 0xe6, 0x1e2ec, 0xe6, 0x1e2ed, 0xe6,
  0x1e2ee, 0xe6, 0x1e2ef, 0xe6, 0x1e4ec, 0xe8, 0x1e4ed, 0xe8, 0x1e4ee, 0xdc, 0x1e4ef, 0xe6,
  0x1e5ee, 0xe6, 0x1e5ef, 0xdc, 0x1e8d0, 0xdc, 0x1e8d1, 0xdc, 0x1e8d2, 0xdc, 0x1e8d3, 0xdc,
  0x1e8d4, 0xdc, 0x1e8d5, 0xdc, 0x1e8d6, 0xdc, 0x1e944, 0xe6, 0x1e945, 0xe6, 0x1e946, 0xe6,
  0x1e947, 0xe6, 0x1e948, 0xe6, 0x1e949, 0xe6, 0x1e94a, 0x7,
};
static constexpr uint32_t kLower[] = {
  0x41, 0x61, 0x0, 0x42, 0x62, 0x0, 0x43, 0x63, 0x0, 0x44, 0x64, 0x0,
  0x45, 0x65, 0x0, 0x46, 0x66, 0x0, 0x47, 0x67, 0x0, 0x48, 0x68, 0x0,
  0x49, 0x69, 0x0, 0x4a, 0x6a, 0x0, 0x4b, 0x6b, 0x0, 0x4c, 0x6c, 0x0,
  0x4d, 0x6d, 0x0, 0x4e, 0x6e, 0x0, 0x4f, 0x6f, 0x0, 0x50, 0x70, 0x0,
  0x51, 0x71, 0x0, 0x52, 0x72, 0x0, 0x53, 0x73, 0x0, 0x54, 0x74, 0x0,
  0x55, 0x75, 0x0, 0x56, 0x76, 0x0, 0x57, 0x77, 0x0, 0x58, 0x78, 0x0,
  0x59, 0x79, 0x0, 0x5a, 0x7a, 0x0, 0xc0, 0xe0, 0x0, 0xc1, 0xe1, 0x0,
  0xc2, 0xe2, 0x0, 0xc3, 0xe3, 0x0, 0xc4, 0xe4, 0x0, 0xc5, 0xe5, 0x0,
  0xc6, 0xe6, 0x0, 0xc7, 0xe7, 0x0, 0xc8, 0xe8, 0x0, 0xc9, 0xe9, 0x0,
  0xca, 0xea, 0x0, 0xcb, 0xeb, 0x0, 0xcc, 0xec, 0x0, 0xcd, 0xed, 0x0,
  0xce, 0xee, 0x0, 0xcf, 0xef, 0x0, 0xd0, 0xf0, 0x0, 0xd1, 0xf1, 0x0,
  0xd2, 0xf2, 0x0, 0xd3, 0xf3, 0x0, 0xd4, 0xf4, 0x0, 0xd5, 0xf5, 0x0,
  0xd6, 0xf6, 0x0, 0xd8, 0xf8, 0x0, 0xd9, 0xf9, 0x0, 0xda, 0xfa, 0x0,
  0xdb, 0xfb, 0x0, 0xdc, 0xfc, 0x0, 0xdd, 0xfd, 0x0, 0xde, 0xfe, 0x0,
  0x100, 0x101, 0x0, 0x102, 0x103, 0x0, 0x104, 0x105, 0x0, 0x106, 0x107, 0x0,
  0x108, 0x109, 0x0, 0x10a, 0x10b, 0x0, 0x10c, 0x10d, 0x0, 0x10e, 0x10f, 0x0,
  0x110, 0x111, 0x0, 0x112, 0x113, 0x0, 0x114, 0x115, 0x0, 0x116, 0x117, 0x0,
  0x118, 0x119, 0x0, 0x11a, 0x11b, 0x0, 0x11c, 0x11d, 0x0, 0x11e, 0x11f, 0x0,
  0x120, 0x121, 0x0, 0x122, 0x123, 0x0, 0x124, 0x125, 0x0, 0x126, 0x127, 0x0,
  0x128, 0x129, 0x0, 0x12a, 0x12b, 0x0, 0x12c, 0x12d, 0x0, 0x12e, 0x12f, 0x0,
  0x130, 0x69, 0x307, 0x132, 0x133, 0x0, 0x134, 0x135, 0x0, 0x136, 0x137, 0x0,
  0x139, 0x13a, 0x0, 0x13b, 0x13c, 0x0, 0x13d, 0x13e, 0x0, 0x13f, 0x140, 0x0,
  0x141, 0x142, 0x0, 0x143, 0x144, 0x0, 0x145, 0x146, 0x0, 0x147, 0x148, 0x0,
  0x14a, 0x14b, 0x0, 0x14c, 0x14d, 0x0, 0x14e, 0x14f, 0x0, 0x150, 0x151, 0x0,
  0x152, 0x153, 0x0, 0x154, 0x155, 0x0, 0x156, 0x157, 0x0, 0x158, 0x159, 0x0,
  0x15a, 0x15b, 0x0, 0x15c, 0x15d, 0x0, 0x15e, 0x15f, 0x0, 0x160, 0x161, 0x0,
  0x162, 0x163, 0x0, 0x164, 0x165, 0x0, 0x166, 0x167, 0x0, 0x168, 0x169, 0x0,
  0x16a, 0x16b, 0x0, 0x16c, 0x16d, 0x0, 0x16e, 0x16f, 0x0, 0x170, 0x171, 0x0,
  0x172, 0x173, 0x0, 0x174, 0x175, 0x0, 0x176, 0x177, 0x0, 0x178, 0xff, 0x0,
  0x179, 0x17a, 0x0, 0x17b, 0x17c, 0x0, 0x17d, 0x17e, 0x0, 0x181, 0x253, 0x0,
  0x182, 0x183, 0x0, 0x184, 0x185, 0x0, 0x186, 0x254, 0x0, 0x187, 0x188, 0x0,
  0x189, 0x256, 0x0, 0x18a, 0x257, 0x0, 0x18b, 0x18c, 0x0, 0x18e, 0x1dd, 0x0,
  0x18f, 0x259, 0x0, 0x190, 0x25b, 0x0, 0x191, 0x192, 0x0, 0x193, 0x260, 0x0,
  0x194, 0x263, 0x0, 0x196, 0x269, 0x0, 0x197, 0x268, 0x0, 0x198, 0x199, 0x0,
  0x19c, 0x26f, 0x0, 0x19d, 0x272, 0x0, 0x19f, 0x275, 0x0, 0x1a0, 0x1a1, 0x0,
  0x1a2, 0x1a3, 0x0, 0x1a4, 0x1a5, 0x0, 0x1a6, 0x280, 0x0, 0x1a7, 0x1a8, 0x0,
  0x1a9, 0x283, 0x0, 0x1ac, 0x1ad, 0x0, 0x1ae, 0x288, 0x0, 0x1af, 0x1b0, 0x0,
  0x1b1, 0x28a, 0x0, 0x1b2, 0x28b, 0x0, 0x1b3, 0x1b4, 0x0, 0x1b5, 0x1b6, 0x0,
  0x1b7, 0x292, 0x0, 0x1b8, 0x1b9, 0x0, 0x1bc, 0x1bd, 0x0, 0x1c4, 0x1c6, 0x0,
  0x1c5, 0x1c6, 0x0, 0x1c7, 0x1c9, 0x0, 0x1c8, 0x1c9, 0x0, 0x1ca, 0x1cc, 0x0,
  0x1cb, 0x1cc, 0x0, 0x1cd, 0x1ce, 0x0, 0x1cf, 0x1d0, 0x0, 0x1d1, 0x1d2, 0x0,
  0x1d3, 0x1d4, 0x0, 0x1d5, 0x1d6, 0x0, 0x1d7, 0x1d8, 0x0, 0x1d9, 0x1da, 0x0,
  0x1db, 0x1dc, 0x0, 0x1de, 0x1df, 0x0, 0x1e0, 0x1e1, 0x0, 0x1e2, 0x1e3, 0x0,
  0x1e4, 0x1e5, 0x0, 0x1e6, 0x1e7, 0x0, 0x1e8, 0x1e9, 0x0, 0x1ea, 0x1eb, 0x0,
  0x1ec, 0x1ed, 0x0, 0x1ee, 0x1ef, 0x0, 0x1f1, 0x1f3, 0x0, 0x1f2, 0x1f3, 0x0,
  0x1f4, 0x1f5, 0x0, 0x1f6, 0x195, 0x0, 0x1f7, 0x1bf, 0x0, 0x1f8, 0x1f9, 0x0,
  0x1fa, 0x1fb, 0x0, 0x1fc, 0x1fd, 0x0, 0x1fe, 0x1ff, 0x0, 0x200, 0x201, 0x0,
  0x202, 0x203, 0x0, 0x204, 0x205, 0x0, 0x206, 0x207, 0x0, 0x208, 0x209, 0x0,
  0x20a, 0x20b, 0x0, 0x20c, 0x20d, 0x0, 0x20e, 0x20f, 0x0, 0x210, 0x211, 0x0,
  0x212, 0x213, 0x0, 0x214, 0x215, 0x0, 0x216, 0x217, 0x0, 0x218, 0x219, 0x0,
  0x21a, 0x21b, 0x0, 0x21c, 0x21d, 0x0, 0x21e, 0x21f, 0x0, 0x220, 0x19e, 0x0,
  0x222, 0x223, 0x0, 0x224, 0x225, 0x0, 0x226, 0x227, 0x0, 0x228, 0x229, 0x0,
  0x22a, 0x22b, 0x0, 0x22c, 0x22d, 0x0, 0x22e, 0x22f, 0x0, 0x230, 0x231, 0x0,
  0x232, 0x233, 0x0, 0x23a, 0x2c65, 0x0, 0x23b, 0x23c, 0x0, 0x23d, 0x19a, 0x0,
  0x23e, 0x2c66, 0x0, 0x241, 0x242, 0x0, 0x243, 0x180, 0x0, 0x244, 0x289, 0x0,
  0x245, 0x28c, 0x0, 0x246, 0x247, 0x0, 0x248, 0x249, 0x0, 0x24a, 0x24b, 0x0,
  0x24c, 0x24d, 0x0, 0x24e, 0x24f, 0x0, 0x370, 0x371, 0x0, 0x372, 0x373, 0x0,
  0x376, 0x377, 0x0, 0x37f, 0x3f3, 0x0, 0x386, 0x3ac, 0x0, 0x388, 0x3ad, 0x0,
  0x389, 0x3ae, 0x0, 0x38a, 0x3af, 0x0, 0x38c, 0x3cc, 0x0, 0x38e, 0x3cd, 0x0,
  0x38f, 0x3ce, 0x0, 0x391, 0x3b1, 0x0, 0x392, 0x3b2, 0x0, 0x393, 0x3b3, 0x0,
  0x394, 0x3b4, 0x0, 0x395, 0x3b5, 0x0, 0x396, 0x3b6, 0x0, 0x397, 0x3b7, 0x0,
  0x398, 0x3b8, 0x0, 0x399, 0x3b9, 0x0, 0x39a, 0x3ba, 0x0, 0x39b, 0x3bb, 0x0,
  0x39c, 0x3bc, 0x0, 0x39d, 0x3bd, 0x0, 0x39e, 0x3be, 0x0, 0x39f, 0x3bf, 0x0,
  0x3a0, 0x3c0, 0x0, 0x3a1, 0x3c1, 0x0, 0x3a3, 0x3c3, 0x0, 0x3a4, 0x3c4, 0x0,
  0x3a5, 0x3c5, 0x0, 0x3a6, 0x3c6, 0x0, 0x3a7, 0x3c7, 0x0, 0x3a8, 0x3c8, 0x0,
  0x3a9, 0x3c9, 0x0, 0x3aa, 0x3ca, 0x0, 0x3ab, 0x3cb, 0x0, 0x3cf, 0x3d7, 0x0,
  0x3d8, 0x3d9, 0x0, 0x3da, 0x3db, 0x0, 0x3dc, 0x3dd, 0x0, 0x3de, 0x3df, 0x0,
  0x3e0, 0x3e1, 0x0, 0x3e2, 0x3e3, 0x0, 0x3e4, 0x3e5, 0x0, 0x3e6, 0x3e7, 0x0,
  0x3e8, 0x3e9, 0x0, 0x3ea, 0x3eb, 0x0, 0x3ec, 0x3ed, 0x0, 0x3ee, 0x3ef, 0x0,
  0x3f4, 0x3b8, 0x0, 0x3f7, 0x3f8, 0x0, 0x3f9, 0x3f2, 0x0, 0x3fa, 0x3fb, 0x0,
  0x3fd, 0x37b, 0x0, 0x3fe, 0x37c, 0x0, 0x3ff, 0x37d, 0x0, 0x400, 0x450, 0x0,
  0x401, 0x451, 0x0, 0x402, 0x452, 0x0, 0x403, 0x453, 0x0, 0x404, 0x454, 0x0,
  0x405, 0x455, 0x0, 0x406, 0x456, 0x0, 0x407, 0x457, 0x0, 0x408, 0x458, 0x0,
  0x409, 0x459, 0x0, 0x40a, 0x45a, 0x0, 0x40b, 0x45b, 0x0, 0x40c, 0x45c, 0x0,
  0x40d, 0x45d, 0x0, 0x40e, 0x45e, 0x0, 0x40f, 0x45f, 0x0, 0x410, 0x430, 0x0,
  0x411, 0x431, 0x0, 0x412, 0x432, 0x0, 0x413, 0x433, 0x0, 0x414, 0x434, 0x0,
  0x415, 0x435, 0x0, 0x416, 0x436, 0x0, 0x417, 0x437, 0x0, 0x418, 0x438, 0x0,
  0x419, 0x439, 0x0, 0x41a, 0x43a, 0x0, 0x41b, 0x43b, 0x0, 0x41c, 0x43c, 0x0,
  0x41d, 0x43d, 0x0, 0x41e, 0x43e, 0x0, 0x41f, 0x43f, 0x0, 0x420, 0x440, 0x0,
  0x421, 0x441, 0x0, 0x422, 0x442, 0x0, 0x423, 0x443, 0x0, 0x424, 0x444, 0x0,
  0x425, 0x445, 0x0, 0x426, 0x446, 0x0, 0x427, 0x447, 0x0, 0x428, 0x448, 0x0,
  0x429, 0x449, 0x0, 0x42a, 0x44a, 0x0, 0x42b, 0x44b, 0x0, 0x42c, 0x44c, 0x0,
  0x42d, 0x44d, 0x0, 0x42e, 0x44e, 0x0, 0x42f, 0x44f, 0x0, 0x460, 0x461, 0x0,
  0x462, 0x463, 0x0, 0x464, 0x465, 0x0, 0x466, 0x467, 0x0, 0x468, 0x469, 0x0,
  0x46a, 0x46b, 0x0, 0x46c, 0x46d, 0x0, 0x46e, 0x46f, 0x0, 0x470, 0x471, 0x0,
  0x472, 0x473, 0x0, 0x474, 0x475, 0x0, 0x476, 0x477, 0x0, 0x478, 0x479, 0x0,
  0x47a, 0x47b, 0x0, 0x47c, 0x47d, 0x0, 0x47e, 0x47f, 0x0, 0x480, 0x481, 0x0,
  0x48a, 0x48b, 0x0, 0x48c, 0x48d, 0x0, 0x48e, 0x48f, 0x0, 0x490, 0x491, 0x0,
  0x492, 0x493, 0x0, 0x494, 0x495, 0x0, 0x496, 0x497, 0x0, 0x498, 0x499, 0x0,
  0x49a, 0x49b, 0x0, 0x49c, 0x49d, 0x0, 0x49e, 0x49f, 0x0, 0x4a0, 0x4a1, 0x0,
  0x4a2, 0x4a3, 0x0, 0x4a4, 0x4a5, 0x0, 0x4a6, 0x4a7, 0x0, 0x4a8, 0x4a9, 0x0,
  0x4aa, 0x4ab, 0x0, 0x4ac, 0x4ad, 0x0, 0x4ae, 0x4af, 0x0, 0x4b0, 0x4b1, 0x0,
  0x4b2, 0x4b3, 0x0, 0x4b4, 0x4b5, 0x0, 0x4b6, 0x4b7, 0x0, 0x4b8, 0x4b9, 0x0,
  0x4ba, 0x4bb, 0x0, 0x4bc, 0x4bd, 0x0, 0x4be, 0x4bf, 0x0, 0x4c0, 0x4cf, 0x0,
  0x4c1, 0x4c2, 0x0, 0x4c3, 0x4c4, 0x0, 0x4c5, 0x4c6, 0x0, 0x4c7, 0x4c8, 0x0,
  0x4c9, 0x4ca, 0x0, 0x4cb, 0x4cc, 0x0, 0x4cd, 0x4ce, 0x0, 0x4d0, 0x4d1, 0x0,
  0x4d2, 0x4d3, 0x0, 0x4d4, 0x4d5, 0x0, 0x4d6, 0x4d7, 0x0, 0x4d8, 0x4d9, 0x0,
  0x4da, 0x4db, 0x0, 0x4dc, 0x4dd, 0x0, 0x4de, 0x4df, 0x0, 0x4e0, 0x4e1, 0x0,
  0x4e2, 0x4e3, 0x0, 0x4e4, 0x4e5, 0x0, 0x4e6, 0x4e7, 0x0, 0x4e8, 0x4e9, 0x0,
  0x4ea, 0x4eb, 0x0, 0x4ec, 0x4ed, 0x0, 0x4ee, 0x4ef, 0x0, 0x4f0, 0x4f1, 0x0,
  0x4f2, 0x4f3, 0x0, 0x4f4, 0x4f5, 0x0, 0x4f6, 0x4f7, 0x0, 0x4f8, 0x4f9, 0x0,
  0x4fa, 0x4fb, 0x0, 0x4fc, 0x4fd, 0x0, 0x4fe, 0x4ff, 0x0, 0x500, 0x501, 0x0,
  0x502, 0x503, 0x0, 0x504, 0x505, 0x0, 0x506, 0x507, 0x0, 0x508, 0x509, 0x0,
  0x50a, 0x50b, 0x0, 0x50c, 0x50d, 0x0, 0x50e, 0x50f, 0x0, 0x510, 0x511, 0x0,
  0x512, 0x513, 0x0, 0x514, 0x515, 0x0, 0x516, 0x517, 0x0, 0x518, 0x519, 0x0,
  0x51a, 0x51b, 0x0, 0x51c, 0x51d, 0x0, 0x51e, 0x51f, 0x0, 0x520, 0x521, 0x0,
  0x522, 0x523, 0x0, 0x524, 0x525, 0x0, 0x526, 0x527, 0x0, 0x528, 0x529, 0x0,
  0x52a, 0x52b, 0x0, 0x52c, 0x52d, 0x0, 0x52e, 0x52f, 0x0, 0x531, 0x561, 0x0,
  0x532, 0x562, 0x0, 0x533, 0x563, 0x0, 0x534, 0x564, 0x0, 0x535, 0x565, 0x0,
  0x536, 0x566, 0x0, 0x537, 0x567, 0x0, 0x538, 0x568, 0x0, 0x539, 0x569, 0x0,
  0x53a, 0x56a, 0x0, 0x53b, 0x56b, 0x0, 0x53c, 0x56c, 0x0, 0x53d, 0x56d, 0x0,
  0x53e, 0x56e, 0x0, 0x53f, 0x56f, 0x0, 0x540, 0x570, 0x0, 0x541, 0x571, 0x0,
  0x542, 0x572, 0x0, 0x543, 0x573, 0x0, 0x544, 0x574, 0x0, 0x545, 0x575, 0x0,
  0x546, 0x576, 0x0, 0x547, 0x577, 0x0, 0x548, 0x578, 0x0, 0x549, 0x579, 0x0,
  0x54a, 0x57a, 0x0, 0x54b, 0x57b, 0x0, 0x54c, 0x57c, 0x0, 0x54d, 0x57d, 0x0,
  0x54e, 0x57e, 0x0, 0x54f, 0x57f, 0x0, 0x550, 0x580, 0x0, 0x551, 0x581, 0x0,
  0x552, 0x582, 0x0, 0x553, 0x583, 0x0, 0x554, 0x584, 0x0, 0x555, 0x585, 0x0,
  0x556, 0x586, 0x0, 0x10a0, 0x2d00, 0x0, 0x10a1, 0x2d01, 0x0, 0x10a2, 0x2d02, 0x0,
  0x10a3, 0x2d03, 0x0, 0x10a4, 0x2d04, 0x0, 0x10a5, 0x2d05, 0x0, 0x10a6, 0x2d06, 0x0,
  0x10a7, 0x2d07, 0x0, 0x10a8, 0x2d08, 0x0, 0x10a9, 0x2d09, 0x0, 0x10aa, 0x2d0a, 0x0,
  0x10ab, 0x2d0b, 0x0, 0x10ac, 0x2d0c, 0x0, 0x10ad, 0x2d0d, 0x0, 0x10ae, 0x2d0e, 0x0,
  0x10af, 0x2d0f, 0x0, 0x10b0, 0x2d10, 0x0, 0x10b1, 0x2d11, 0x0, 0x10b2, 0x2d12, 0x0,
  0x10b3, 0x2d13, 0x0, 0x10b4, 0x2d14, 0x0, 0x10b5, 0x2d15, 0x0, 0x10b6, 0x2d16, 0x0,
  0x10b7, 0x2d17, 0x0, 0x10b8, 0x2d18, 0x0, 0x10b9, 0x2d19, 0x0, 0x10ba, 0x2d1a, 0x0,
  0x10bb, 0x2d1b, 0x0, 0x10bc, 0x2d1c, 0x0, 0x10bd, 0x2d1d, 0x0, 0x10be, 0x2d1e, 0x0,
  0x10bf, 0x2d1f, 0x0, 0x10c0, 0x2d20, 0x0, 0x10c1, 0x2d21, 0x0, 0x10c2, 0x2d22, 0x0,
  0x10c3, 0x2d23, 0x0, 0x10c4, 0x2d24, 0x0, 0x10c5, 0x2d25, 0x0, 0x10c7, 0x2d27, 0x0,
  0x10cd, 0x2d2d, 0x0, 0x13a0, 0xab70, 0x0, 0x13a1, 0xab71, 0x0, 0x13a2, 0xab72, 0x0,
  0x13a3, 0xab73, 0x0, 0x13a4, 0xab74, 0x0, 0x13a5, 0xab75, 0x0, 0x13a6, 0xab76, 0x0,
  0x13a7, 0xab77, 0x0, 0x13a8, 0xab78, 0x0, 0x13a9, 0xab79, 0x0, 0x13aa, 0xab7a, 0x0,
  0x13ab, 0xab7b, 0x0, 0x13ac, 0xab7c, 0x0, 0x13ad, 0xab7d, 0x0, 0x13ae, 0xab7e, 0x0,
  0x13af, 0xab7f, 0x0, 0x13b0, 0xab80, 0x0, 0x13b1, 0xab81, 0x0, 0x13b2, 0xab82, 0x0,
  0x13b3, 0xab83, 0x0, 0x13b4, 0xab84, 0x0, 0x13b5, 0xab85, 0x0, 0x13b6, 0xab86, 0x0,
  0x13b7, 0xab87, 0x0, 0x13b8, 0xab88, 0x0, 0x13b9, 0xab89, 0x0, 0x13ba, 0xab8a, 0x0,
  0x13bb, 0xab8b, 0x0, 0x13bc, 0xab8c, 0x0, 0x13bd, 0xab8d, 0x0, 0x13be, 0xab8e, 0x0,
  0x13bf, 0xab8f, 0x0, 0x13c0, 0xab90, 0x0, 0x13c1, 0xab91, 0x0, 0x13c2, 0xab92, 0x0,
  0x13c3, 0xab93, 0x0, 0x13c4, 0xab94, 0x0, 0x13c5, 0xab95, 0x0, 0x13c6, 0xab96, 0x0,
  0x13c7, 0xab97, 0x0, 0x13c8, 0xab98, 0x0, 0x13c9, 0xab99, 0x0, 0x13ca, 0xab9a, 0x0,
  0x13cb, 0xab9b, 0x0, 0x13cc, 0xab9c, 0x0, 0x13cd, 0xab9d, 0x0, 0x13ce, 0xab9e, 0x0,
  0x13cf, 0xab9f, 0x0, 0x13d0, 0xaba0, 0x0, 0x13d1, 0xaba1, 0x0, 0x13d2, 0xaba2, 0x0,
  0x13d3, 0xaba3, 0x0, 0x13d4, 0xaba4, 0x0, 0x13d5, 0xaba5, 0x0, 0x13d6, 0xaba6, 0x0,
  0x13d7, 0xaba7, 0x0, 0x13d8, 0xaba8, 0x0, 0x13d9, 0xaba9, 0x0, 0x13da, 0xabaa, 0x0,
  0x13db, 0xabab, 0x0, 0x13dc, 0xabac, 0x0, 0x13dd, 0xabad, 0x0, 0x13de, 0xabae, 0x0,
  0x13df, 0xabaf, 0x0, 0x13e0, 0xabb0, 0x0, 0x13e1, 0xabb1, 0x0, 0x13e2, 0xabb2, 0x0,
  0x13e3, 0xabb3, 0x0, 0x13e4, 0xabb4, 0x0, 0x13e5, 0xabb5, 0x0, 0x13e6, 0xabb6, 0x0,
  0x13e7, 0xabb7, 0x0, 0x13e8, 0xabb8, 0x0, 0x13e9, 0xabb9, 0x0, 0x13ea, 0xabba, 0x0,
  0x13eb, 0xabbb, 0x0, 0x13ec, 0xabbc, 0x0, 0x13ed, 0xabbd, 0x0, 0x13ee, 0xabbe, 0x0,
  0x13ef, 0xabbf, 0x0, 0x13f0, 0x13f8, 0x0, 0x13f1, 0x13f9, 0x0, 0x13f2, 0x13fa, 0x0,
  0x13f3, 0x13fb, 0x0, 0x13f4, 0x13fc, 0x0, 0x13f5, 0x13fd, 0x0, 0x1c89, 0x1c8a, 0x0,
  0x1c90, 0x10d0, 0x0, 0x1c91, 0x10d1, 0x0, 0x1c92, 0x10d2, 0x0, 0x1c93, 0x10d3, 0x0,
  0x1c94, 0x10d4, 0x0, 0x1c95, 0x10d5, 0x0, 0x1c96, 0x10d6, 0x0, 0x1c97, 0x10d7, 0x0,
  0x1c98, 0x10d8, 0x0, 0x1c99, 0x10d9, 0x0, 0x1c9a, 0x10da, 0x0, 0x1c9b, 0x10db, 0x0,
  0x1c9c, 0x10dc, 0x0, 0x1c9d, 0x10dd, 0x0, 0x1c9e, 0x10de, 0x0, 0x1c9f, 0x10df, 0x0,
  0x1ca0, 0x10e0, 0x0, 0x1ca1, 0x10e1, 0x0, 0x1ca2, 0x10e2, 0x0, 0x1ca3, 0x10e3, 0x0,
  0x1ca4, 0x10e4, 0x0, 0x1ca5, 0x10e5, 0x0, 0x1ca6, 0x10e6, 0x0, 0x1ca7, 0x10e7, 0x0,
  0x1ca8, 0x10e8, 0x0, 0x1ca9, 0x10e9, 0x0, 0x1caa, 0x10ea, 0x0, 0x1cab, 0x10eb, 0x0,
  0x1cac, 0x10ec, 0x0, 0x1cad, 0x10ed, 0x0, 0x1cae, 0x10ee, 0x0, 0x1caf, 0x10ef, 0x0,
  0x1cb0, 0x10f0, 0x0, 0x1cb1, 0x10f1, 0x0, 0x1cb2, 0x10f2, 0x0, 0x1cb3, 0x10f3, 0x0,
  0x1cb4, 0x10f4, 0x0, 0x1cb5, 0x10f5, 0x0, 0x1cb6, 0x10f6, 0x0, 0x1cb7, 0x10f7, 0x0,
  0x1cb8, 0x10f8, 0x0, 0x1cb9, 0x10f9, 0x0, 0x1cba, 0x10fa, 0x0, 0x1cbd, 0x10fd, 0x0,
  0x1cbe, 0x10fe, 0x0, 0x1cbf, 0x10ff, 0x0, 0x1e00, 0x1e01, 0x0, 0x1e02, 0x1e03, 0x0,
  0x1e04, 0x1e05, 0x0, 0x1e06, 0x1e07, 0x0, 0x1e08, 0x1e09, 0x0, 0x1e0a, 0x1e0b, 0x0,
  0x1e0c, 0x1e0d, 0x0, 0x1e0e, 0x1e0f, 0x0, 0x1e10, 0x1e11, 0x0, 0x1e12, 0x1e13, 0x0,
  0x1e14, 0x1e15, 0x0, 0x1e16, 0x1e17, 0x0, 0x1e18, 0x1e19, 0x0, 0x1e1a, 0x1e1b, 0x0,
  0x1e1c, 0x1e1d, 0x0, 0x1e1e, 0x1e1f, 0x0, 0x1e20, 0x1e21, 0x0, 0x1e22, 0x1e23, 0x0,
  0x1e24, 0x1e25, 0x0, 0x1e26, 0x1e27, 0x0, 0x1e28, 0x1e29, 0x0, 0x1e2a, 0x1e2b, 0x0,
  0x1e2c, 0x1e2d, 0x0, 0x1e2e, 0x1e2f, 0x0, 0x1e30, 0x1e31, 0x0, 0x1e32, 0x1e33, 0x0,
  0x1e34, 0x1e35, 0x0, 0x1e36, 0x1e37, 0x0, 0x1e38, 0x1e39, 0x0, 0x1e3a, 0x1e3b, 0x0,
  0x1e3c, 0x1e3d, 0x0, 0x1e3e, 0x1e3f, 0x0, 0x1e40, 0x1e41, 0x0, 0x1e42, 0x1e43, 0x0,
  0x1e44, 0x1e45, 0x0, 0x1e46, 0x1e47, 0x0, 0x1e48, 0x1e49, 0x0, 0x1e4a, 0x1e4b, 0x0,
  0x1e4c, 0x1e4d, 0x0, 0x1e4e, 0x1e4f, 0x0, 0x1e50, 0x1e51, 0x0, 0x1e52, 0x1e53, 0x0,
  0x1e54, 0x1e55, 0x0, 0x1e56, 0x1e57, 0x0, 0x1e58, 0x1e59, 0x0, 0x1e5a, 0x1e5b, 0x0,
  0x1e5c, 0x1e5d, 0x0, 0x1e5e, 0x1e5f, 0x0, 0x1e60, 0x1e61, 0x0, 0x1e62, 0x1e63, 0x0,
  0x1e64, 0x1e65, 0x0, 0x1e66, 0x1e67, 0x0, 0x1e68, 0x1e69, 0x0, 0x1e6a, 0x1e6b, 0x0,
  0x1e6c, 0x1e6d, 0x0, 0x1e6e, 0x1e6f, 0x0, 0x1e70, 0x1e71, 0x0, 0x1e72, 0x1e73, 0x0,
  0x1e74, 0x1e75, 0x0, 0x1e76, 0x1e77, 0x0, 0x1e78, 0x1e79, 0x0, 0x1e7a, 0x1e7b, 0x0,
  0x1e7c, 0x1e7d, 0x0, 0x1e7e, 0x1e7f, 0x0, 0x1e80, 0x1e81, 0x0, 0x1e82, 0x1e83, 0x0,
  0x1e84, 0x1e85, 0x0, 0x1e86, 0x1e87, 0x0, 0x1e88, 0x1e89, 0x0, 0x1e8a, 0x1e8b, 0x0,
  0x1e8c, 0x1e8d, 0x0, 0x1e8e, 0x1e8f, 0x0, 0x1e90, 0x1e91, 0x0, 0x1e92, 0x1e93, 0x0,
  0x1e94, 0x1e95, 0x0, 0x1e9e, 0xdf, 0x0, 0x1ea0, 0x1ea1, 0x0, 0x1ea2, 0x1ea3, 0x0,
  0x1ea4, 0x1ea5, 0x0, 0x1ea6, 0x1ea7, 0x0, 0x1ea8, 0x1ea9, 0x0, 0x1eaa, 0x1eab, 0x0,
  0x1eac, 0x1ead, 0x0, 0x1eae, 0x1eaf, 0x0, 0x1eb0, 0x1eb1, 0x0, 0x1eb2, 0x1eb3, 0x0,
  0x1eb4, 0x1eb5, 0x0, 0x1eb6, 0x1eb7, 0x0, 0x1eb8, 0x1eb9, 0x0, 0x1eba, 0x1ebb, 0x0,
  0x1ebc, 0x1ebd, 0x0, 0x1ebe, 0x1ebf, 0x0, 0x1ec0, 0x1ec1, 0x0, 0x1ec2, 0x1ec3, 0x0,
  0x1ec4, 0x1ec5, 0x0, 0x1ec6, 0x1ec7, 0x0, 0x1ec8, 0x1ec9, 0x0, 0x1eca, 0x1ecb, 0x0,
  0x1ecc, 0x1ecd, 0x0, 0x1ece, 0x1ecf, 0x0, 0x1ed0, 0x1ed1, 0x0, 0x1ed2, 0x1ed3, 0x0,
  0x1ed4, 0x1ed5, 0x0, 0x1ed6, 0x1ed7, 0x0, 0x1ed8, 0x1ed9, 0x0, 0x1eda, 0x1edb, 0x0,
  0x1edc, 0x1edd, 0x0, 0x1ede, 0x1edf, 0x0, 0x1ee0, 0x1ee1, 0x0, 0x1ee2, 0x1ee3, 0x0,
  0x1ee4, 0x1ee5, 0x0, 0x1ee6, 0x1ee7, 0x0, 0x1ee8, 0x1ee9, 0x0, 0x1eea, 0x1eeb, 0x0,
  0x1eec, 0x1eed, 0x0, 0x1eee, 0x1eef, 0x0, 0x1ef0, 0x1ef1, 0x0, 0x1ef2, 0x1ef3, 0x0,
  0x1ef4, 0x1ef5, 0x0, 0x1ef6, 0x1ef7, 0x0, 0x1ef8, 0x1ef9, 0x0, 0x1efa, 0x1efb, 0x0,
  0x1efc, 0x1efd, 0x0, 0x1efe, 0x1eff, 0x0, 0x1f08, 0x1f00, 0x0, 0x1f09, 0x1f01, 0x0,
  0x1f0a, 0x1f02, 0x0, 0x1f0b, 0x1f03, 0x0, 0x1f0c, 0x1f04, 0x0, 0x1f0d, 0x1f05, 0x0,
  0x1f0e, 0x1f06, 0x0, 0x1f0f, 0x1f07, 0x0, 0x1f18, 0x1f10, 0x0, 0x1f19, 0x1f11, 0x0,
  0x1f1a, 0x1f12, 0x0, 0x1f1b, 0x1f13, 0x0, 0x1f1c, 0x1f14, 0x0, 0x1f1d, 0x1f15, 0x0,
  0x1f28, 0x1f20, 0x0, 0x1f29, 0x1f21, 0x0, 0x1f2a, 0x1f22, 0x0, 0x1f2b, 0x1f23, 0x0,
  0x1f2c, 0x1f24, 0x0, 0x1f2d, 0x1f25, 0x0, 0x1f2e, 0x1f26, 0x0, 0x1f2f, 0x1f27, 0x0,
  0x1f38, 0x1f30, 0x0, 0x1f39, 0x1f31, 0x0, 0x1f3a, 0x1f32, 0x0, 0x1f3b, 0x1f33, 0x0,
  0x1f3c, 0x1f34, 0x0, 0x1f3d, 0x1f35, 0x0, 0x1f3e, 0x1f36, 0x0, 0x1f3f, 0x1f37, 0x0,
  0x1f48, 0x1f40, 0x0, 0x1f49, 0x1f41, 0x0, 0x1f4a, 0x1f42, 0x0, 0x1f4b, 0x1f43, 0x0,
  0x1f4c, 0x1f44, 0x0, 0x1f4d, 0x1f45, 0x0, 0x1f59, 0x1f51, 0x0, 0x1f5b, 0x1f53, 0x0,
  0x1f5d, 0x1f55, 0x0, 0x1f5f, 0x1f57, 0x0, 0x1f68, 0x1f60, 0x0, 0x1f69, 0x1f61, 0x0,
  0x1f6a, 0x1f62, 0x0, 0x1f6b, 0x1f63, 0x0, 0x1f6c, 0x1f64, 0x0, 0x1f6d, 0x1f65, 0x0,
  0x1f6e, 0x1f66, 0x0, 0x1f6f, 0x1f67, 0x0, 0x1f88, 0x1f80, 0x0, 0x1f89, 0x1f81, 0x0,
  0x1f8a, 0x1f82, 0x0, 0x1f8b, 0x1f83, 0x0, 0x1f8c, 0x1f84, 0x0, 0x1f8d, 0x1f85, 0x0,
  0x1f8e, 0x1f86, 0x0, 0x1f8f, 0x1f87, 0x0, 0x1f98, 0x1f90, 0x0, 0x1f99, 0x1f91, 0x0,
  0x1f9a, 0x1f92, 0x0, 0x1f9b, 0x1f93, 0x0, 0x1f9c, 0x1f94, 0x0, 0x1f9d, 0x1f95, 0x0,
  0x1f9e, 0x1f96, 0x0, 0x1f9f, 0x1f97, 0x0, 0x1fa8, 0x1fa0, 0x0, 0x1fa9, 0x1fa1, 0x0,
  0x1faa, 0x1fa2, 0x0, 0x1fab, 0x1fa3, 0x0, 0x1fac, 0x1fa4, 0x0, 0x1fad, 0x1fa5, 0x0,
  0x1fae, 0x1fa6, 0x0, 0x1faf, 0x1fa7, 0x0, 0x1fb8, 0x1fb0, 0x0, 0x1fb9, 0x1fb1, 0x0,
  0x1fba, 0x1f70, 0x0, 0x1fbb, 0x1f71, 0x0, 0x1fbc, 0x1fb3, 0x0, 0x1fc8, 0x1f72, 0x0,
  0x1fc9, 0x1f73, 0x0, 0x1fca, 0x1f74, 0x0, 0x1fcb, 0x1f75, 0x0, 0x1fcc, 0x1fc3, 0x0,
  0x1fd8, 0x1fd0, 0x0, 0x1fd9, 0x1fd1, 0x0, 0x1fda, 0x1f76, 0x0, 0x1fdb, 0x1f77, 0x0,
  0x1fe8, 0x1fe0, 0x0, 0x1fe9, 0x1fe1, 0x0, 0x1fea, 0x1f7a, 0x0, 0x1feb, 0x1f7b, 0x0,
  0x1fec, 0x1fe5, 0x0, 0x1ff8, 0x1f78, 0x0, 0x1ff9, 0x1f79, 0x0, 0x1ffa, 0x1f7c, 0x0,
  0x1ffb, 0x1f7d, 0x0, 0x1ffc, 0x1ff3, 0x0, 0x2126, 0x3c9, 0x0, 0x212a, 0x6b, 0x0,
  0x212b, 0xe5, 0x0, 0x2132, 0x214e, 0x0, 0x2160, 0x2170, 0x0, 0x2161, 0x2171, 0x0,
  0x2162, 0x2172, 0x0, 0x2163, 0x2173, 0x0, 0x2164, 0x2174, 0x0, 0x2165, 0x2175, 0x0,
  0x2166, 0x2176, 0x0, 0x2167, 0x2177, 0x0, 0x2168, 0x2178, 0x0, 0x2169, 0x2179, 0x0,
  0x216a, 0x217a, 0x0, 0x216b, 0x217b, 0x0, 0x216c, 0x217c, 0x0, 0x216d, 0x217d, 0x0,
  0x216e, 0x217e, 0x0, 0x216f, 0x217f, 0x0, 0x2183, 0x2184, 0x0, 0x24b6, 0x24d0, 0x0,
  0x24b7, 0x24d1, 0x0, 0x24b8, 0x24d2, 0x0, 0x24b9, 0x24d3, 0x0, 0x24ba, 0x24d4, 0x0,
  0x24bb, 0x24d5, 0x0, 0x24bc, 0x24d6, 0x0, 0x24bd, 0x24d7, 0x0, 0x24be, 0x24d8, 0x0,
  0x24bf, 0x24d9, 0x0, 0x24c0, 0x24da, 0x0, 0x24c1, 0x24db, 0x0, 0x24c2, 0x24dc, 0x0,
  0x24c3, 0x24dd, 0x0, 0x24c4, 0x24de, 0x0, 0x24c5, 0x24df, 0x0, 0x24c6, 0x24e0, 0x0,
  0x24c7, 0x24e1, 0x0, 0x24c8, 0x24e2, 0x0, 0x24c9, 0x24e3, 0x0, 0x24ca, 0x24e4, 0x0,
  0x24cb, 0x24e5, 0x0, 0x24cc, 0x24e6, 0x0, 0x24cd, 0x24e7, 0x0, 0x24ce, 0x24e8, 0x0,
  0x24cf, 0x24e9, 0x0, 0x2c00, 0x2c30, 0x0, 0x2c01, 0x2c31, 0x0, 0x2c02, 0x2c32, 0x0,
  0x2c03, 0x2c33, 0x0, 0x2c04, 0x2c34, 0x0, 0x2c05, 0x2c35, 0x0, 0x2c06, 0x2c36, 0x0,
  0x2c07, 0x2c37, 0x0, 0x2c08, 0x2c38, 0x0, 0x2c09, 0x2c39, 0x0, 0x2c0a, 0x2c3a, 0x0,
  0x2c0b, 0x2c3b, 0x0, 0x2c0c, 0x2c3c, 0x0, 0x2c0d, 0x2c3d, 0x0, 0x2c0e, 0x2c3e, 0x0,
  0x2c0f, 0x2c3f, 0x0, 0x2c10, 0x2c40, 0x0, 0x2c11, 0x2c41, 0x0, 0x2c12, 0x2c42, 0x0,
  0x2c13, 0x2c43, 0x0, 0x2c14, 0x2c44, 0x0, 0x2c15, 0x2c45, 0x0, 0x2c16, 0x2c46, 0x0,
  0x2c17, 0x2c47, 0x0, 0x2c18, 0x2c48, 0x0, 0x2c19, 0x2c49, 0x0, 0x2c1a, 0x2c4a, 0x0,
  0x2c1b, 0x2c4b, 0x0, 0x2c1c, 0x2c4c, 0x0, 0x2c1d, 0x2c4d, 0x0, 0x2c1e, 0x2c4e, 0x0,
  0x2c1f, 0x2c4f, 0x0, 0x2c20, 0x2c50, 0x0, 0x2c21, 0x2c51, 0x0, 0x2c22, 0x2c52, 0x0,
  0x2c23, 0x2c53, 0x0, 0x2c24, 0x2c54, 0x0, 0x2c25, 0x2c55, 0x0, 0x2c26, 0x2c56, 0x0,
  0x2c27, 0x2c57, 0x0, 0x2c28, 0x2c58, 0x0, 0x2c29, 0x2c59, 0x0, 0x2c2a, 0x2c5a, 0x0,
  0x2c2b, 0x2c5b, 0x0, 0x2c2c, 0x2c5c, 0x0, 0x2c2d, 0x2c5d, 0x0, 0x2c2e, 0x2c5e, 0x0,
  0x2c2f, 0x2c5f, 0x0, 0x2c60, 0x2c61, 0x0, 0x2c62, 0x26b, 0x0, 0x2c63, 0x1d7d, 0x0,
  0x2c64, 0x27d, 0x0, 0x2c67, 0x2c68, 0x0, 0x2c69, 0x2c6a, 0x0, 0x2c6b, 0x2c6c, 0x0,
  0x2c6d, 0x251, 0x0, 0x2c6e, 0x271, 0x0, 0x2c6f, 0x250, 0x0, 0x2c70, 0x252, 0x0,
  0x2c72, 0x2c73, 0x0, 0x2c75, 0x2c76, 0x0, 0x2c7e, 0x23f, 0x0, 0x2c7f, 0x240, 0x0,
  0x2c80, 0x2c81, 0x0, 0x2c82, 0x2c83, 0x0, 0x2c84, 0x2c85, 0x0, 0x2c86, 0x2c87, 0x0,
  0x2c88, 0x2c89, 0x0, 0x2c8a, 0x2c8b, 0x0, 0x2c8c, 0x2c8d, 0x0, 0x2c8e, 0x2c8f, 0x0,
  0x2c90, 0x2c91, 0x0, 0x2c92, 0x2c93, 0x0, 0x2c94, 0x2c95, 0x0, 0x2c96, 0x2c97, 0x0,
  0x2c98, 0x2c99, 0x0, 0x2c9a, 0x2c9b, 0x0, 0x2c9c, 0x2c9d, 0x0, 0x2c9e, 0x2c9f, 0x0,
  0x2ca0, 0x2ca1, 0x0, 0x2ca2, 0x2ca3, 0x0, 0x2ca4, 0x2ca5, 0x0, 0x2ca6, 0x2ca7, 0x0,
  0x2ca8, 0x2ca9, 0x0, 0x2caa, 0x2cab, 0x0, 0x2cac, 0x2cad, 0x0, 0x2cae, 0x2caf, 0x0,
  0x2cb0, 0x2cb1, 0x0, 0x2cb2, 0x2cb3, 0x0, 0x2cb4, 0x2cb5, 0x0, 0x2cb6, 0x2cb7, 0x0,
  0x2cb8, 0x2cb9, 0x0, 0x2cba, 0x2cbb, 0x0, 0x2cbc, 0x2cbd, 0x0, 0x2cbe, 0x2cbf, 0x0,
  0x2cc0, 0x2cc1, 0x0, 0x2cc2, 0x2cc3, 0x0, 0x2cc4, 0x2cc5, 0x0, 0x2cc6, 0x2cc7, 0x0,
  0x2cc8, 0x2cc9, 0x0, 0x2cca, 0x2ccb, 0x0, 0x2ccc, 0x2ccd, 0x0, 0x2cce, 0x2ccf, 0x0,
  0x2cd0, 0x2cd1, 0x0, 0x2cd2, 0x2cd3, 0x0, 0x2cd4, 0x2cd5, 0x0, 0x2cd6, 0x2cd7, 0x0,
  0x2cd8, 0x2cd9, 0x0, 0x2cda, 0x2cdb, 0x0, 0x2cdc, 0x2cdd, 0x0, 0x2cde, 0x2cdf, 0x0,
  0x2ce0, 0x2ce1, 0x0, 0x2ce2, 0x2ce3, 0x0, 0x2ceb, 0x2cec, 0x0, 0x2ced, 0x2cee, 0x0,
  0x2cf2, 0x2cf3, 0x0, 0xa640, 0xa641, 0x0, 0xa642, 0xa643, 0x0, 0xa644, 0xa645, 0x0,
  0xa646, 0xa647, 0x0, 0xa648, 0xa649, 0x0, 0xa64a, 0xa64b, 0x0, 0xa64c, 0xa64d, 0x0,
  0xa64e, 0xa64f, 0x0, 0xa650, 0xa651, 0x0, 0xa652, 0xa653, 0x0, 0xa654, 0xa655, 0x0,
  0xa656, 0xa657, 0x0, 0xa658, 0xa659, 0x0, 0xa65a, 0xa65b, 0x0, 0xa65c, 0xa65d, 0x0,
  0xa65e, 0xa65f, 0x0, 0xa660, 0xa661, 0x0, 0xa662, 0xa663, 0x0, 0xa664, 0xa665, 0x0,
  0xa666, 0xa667, 0x0, 0xa668, 0xa669, 0x0, 0xa66a, 0xa66b, 0x0, 0xa66c, 0xa66d, 0x0,
  0xa680, 0xa681, 0x0, 0xa682, 0xa683, 0x0, 0xa684, 0xa685, 0x0, 0xa686, 0xa687, 0x0,
  0xa688, 0xa689, 0x0, 0xa68a, 0xa68b, 0x0, 0xa68c, 0xa68d, 0x0, 0xa68e, 0xa68f, 0x0,
  0xa690, 0xa691, 0x0, 0xa692, 0xa693, 0x0, 0xa694, 0xa695, 0x0, 0xa696, 0xa697, 0x0,
  0xa698, 0xa699, 0x0, 0xa69a, 0xa69b, 0x0, 0xa722, 0xa723, 0x0, 0xa724, 0xa725, 0x0,
  0xa726, 0xa727, 0x0, 0xa728, 0xa729, 0x0, 0xa72a, 0xa72b, 0x0, 0xa72c, 0xa72d, 0x0,
  0xa72e, 0xa72f, 0x0, 0xa732, 0xa733, 0x0, 0xa734, 0xa735, 0x0, 0xa736, 0xa737, 0x0,
  0xa738, 0xa739, 0x0, 0xa73a, 0xa73b, 0x0, 0xa73c, 0xa73d, 0x0, 0xa73e, 0xa73f, 0x0,
  0xa740, 0xa741, 0x0, 0xa742, 0xa743, 0x0, 0xa744, 0xa745, 0x0, 0xa746, 0xa747, 0x0,
  0xa748, 0xa749, 0x0, 0xa74a, 0xa74b, 0x0, 0xa74c, 0xa74d, 0x0, 0xa74e, 0xa74f, 0x0,
  0xa750, 0xa751, 0x0, 0xa752, 0xa753, 0x0, 0xa754, 0xa755, 0x0, 0xa756, 0xa757, 0x0,
  0xa758, 0xa759, 0x0, 0xa75a, 0xa75b, 0x0, 0xa75c, 0xa75d, 0x0, 0xa75e, 0xa75f, 0x0,
  0xa760, 0xa761, 0x0, 0xa762, 0xa763, 0x0, 0xa764, 0xa765, 0x0, 0xa766, 0xa767, 0x0,
  0xa768, 0xa769, 0x0, 0xa76a, 0xa76b, 0x0, 0xa76c, 0xa76d, 0x0, 0xa76e, 0xa76f, 0x0,
  0xa779, 0xa77a, 0x0, 0xa77b, 0xa77c, 0x0, 0xa77d, 0x1d79, 0x0, 0xa77e, 0xa77f, 0x0,
  0xa780, 0xa781, 0x0, 0xa782, 0xa783, 0x0, 0xa784, 0xa785, 0x0, 0xa786, 0xa787, 0x0,
  0xa78b, 0xa78c, 0x0, 0xa78d, 0x265, 0x0, 0xa790, 0xa791, 0x0, 0xa792, 0xa793, 0x0,
  0xa796, 0xa797, 0x0, 0xa798, 0xa799, 0x0, 0xa79a, 0xa79b, 0x0, 0xa79c, 0xa79d, 0x0,
  0xa79e, 0xa79f, 0x0, 0xa7a0, 0xa7a1, 0x0, 0xa7a2, 0xa7a3, 0x0, 0xa7a4, 0xa7a5, 0x0,
  0xa7a6, 0xa7a7, 0x0, 0xa7a8, 0xa7a9, 0x0, 0xa7aa, 0x266, 0x0, 0xa7ab, 0x25c, 0x0,
  0xa7ac, 0x261, 0x0, 0xa7ad, 0x26c, 0x0, 0xa7ae, 0x26a, 0x0, 0xa7b0, 0x29e, 0x0,
  0xa7b1, 0x287, 0x0, 0xa7b2, 0x29d, 0x0, 0xa7b3, 0xab53, 0x0, 0xa7b4, 0xa7b5, 0x0,
  0xa7b6, 0xa7b7, 0x0, 0xa7b8, 0xa7b9, 0x0, 0xa7ba, 0xa7bb, 0x0, 0xa7bc, 0xa7bd, 0x0,
  0xa7be, 0xa7bf, 0x0, 0xa7c0, 0xa7c1, 0x0, 0xa7c2, 0xa7c3, 0x0, 0xa7c4, 0xa794, 0x0,
  0xa7c5, 0x282, 0x0, 0xa7c6, 0x1d8e, 0x0, 0xa7c7, 0xa7c8, 0x0, 0xa7c9, 0xa7ca, 0x0,
  0xa7cb, 0x264, 0x0, 0xa7cc, 0xa7cd, 0x0, 0xa7d0, 0xa7d1, 0x0, 0xa7d6, 0xa7d7, 0x0,
  0xa7d8, 0xa7d9, 0x0, 0xa7da, 0xa7db, 0x0, 0xa7dc, 0x19b, 0x0, 0xa7f5, 0xa7f6, 0x0,
  0xff21, 0xff41, 0x0, 0xff22, 0xff42, 0x0, 0xff23, 0xff43, 0x0, 0xff24, 0xff44, 0x0,
  0xff25, 0xff45, 0x0, 0xff26, 0xff46, 0x0, 0xff27, 0xff47, 0x0, 0xff28, 0xff48, 0x0,
  0xff29, 0xff49, 0x0, 0xff2a, 0xff4a, 0x0, 0xff2b, 0xff4b, 0x0, 0xff2c, 0xff4c, 0x0,
  0xff2d, 0xff4d, 0x0, 0xff2e, 0xff4e, 0x0, 0xff2f, 0xff4f, 0x0, 0xff30, 0xff50, 0x0,
  0xff31, 0xff51, 0x0, 0xff32, 0xff52, 0x0, 0xff33, 0xff53, 0x0, 0xff34, 0xff54, 0x0,
  0xff35, 0xff55, 0x0, 0xff36, 0xff56, 0x0, 0xff37, 0xff57, 0x0, 0xff38, 0xff58, 0x0,
  0xff39, 0xff59, 0x0, 0xff3a, 0xff5a, 0x0, 0x10400, 0x10428, 0x0, 0x10401, 0x10429, 0x0,
  0x10402, 0x1042a, 0x0, 0x10403, 0x1042b, 0x0, 0x10404, 0x1042c, 0x0, 0x10405, 0x1042d, 0x0,
  0x10406, 0x1042e, 0x0, 0x10407, 0x1042f, 0x0, 0x10408, 0x10430, 0x0, 0x10409, 0x10431, 0x0,
  0x1040a, 0x10432, 0x0, 0x1040b, 0x10433, 0x0, 0x1040c, 0x10434, 0x0, 0x1040d, 0x10435, 0x0,
  0x1040e, 0x10436, 0x0, 0x1040f, 0x10437, 0x0, 0x10410, 0x10438, 0x0, 0x10411, 0x10439, 0x0,
  0x10412, 0x1043a, 0x0, 0x10413, 0x1043b, 0x0, 0x10414, 0x1043c, 0x0, 0x10415, 0x1043d, 0x0,
  0x10416, 0x1043e, 0x0, 0x10417, 0x1043f, 0x0, 0x10418, 0x10440, 0x0, 0x10419, 0x10441, 0x0,
  0x1041a, 0x10442, 0x0, 0x1041b, 0x10443, 0x0, 0x1041c, 0x10444, 0x0, 0x1041d, 0x10445, 0x0,
  0x1041e, 0x10446, 0x0, 0x1041f, 0x10447, 0x0, 0x10420, 0x10448, 0x0, 0x10421, 0x10449, 0x0,
  0x10422, 0x1044a, 0x0, 0x10423, 0x1044b, 0x0, 0x10424, 0x1044c, 0x0, 0x10425, 0x1044d, 0x0,
  0x10426, 0x1044e, 0x0, 0x10427, 0x1044f, 0x0, 0x104b0, 0x104d8, 0x0, 0x104b1, 0x104d9, 0x0,
  0x104b2, 0x104da, 0x0, 0x104b3, 0x104db, 0x0, 0x104b4, 0x104dc, 0x0, 0x104b5, 0x104dd, 0x0,
  0x104b6, 0x104de, 0x0, 0x104b7, 0x104df, 0x0, 0x104b8, 0x104e0, 0x0, 0x104b9, 0x104e1, 0x0,
  0x104ba, 0x104e2, 0x0, 0x104bb, 0x104e3, 0x0, 0x104bc, 0x104e4, 0x0, 0x104bd, 0x104e5, 0x0,
  0x104be, 0x104e6, 0x0, 0x104bf, 0x104e7, 0x0, 0x104c0, 0x104e8, 0x0, 0x104c1, 0x104e9, 0x0,
  0x104c2, 0x104ea, 0x0, 0x104c3, 0x104eb, 0x0, 0x104c4, 0x104ec, 0x0, 0x104c5, 0x104ed, 0x0,
  0x104c6, 0x104ee, 0x0, 0x104c7, 0x104ef, 0x0, 0x104c8, 0x104f0, 0x0, 0x104c9, 0x104f1, 0x0,
  0x104ca, 0x104f2, 0x0, 0x104cb, 0x104f3, 0x0, 0x104cc, 0x104f4, 0x0, 0x104cd, 0x104f5, 0x0,
  0x104ce, 0x104f6, 0x0, 0x104cf, 0x104f7, 0x0, 0x104d0, 0x104f8, 0x0, 0x104d1, 0x104f9, 0x0,
  0x104d2, 0x104fa, 0x0, 0x104d3, 0x104fb, 0x0, 0x10570, 0x10597, 0x0, 0x10571, 0x10598, 0x0,
  0x10572, 0x10599, 0x0, 0x10573, 0x1059a, 0x0, 0x10574, 0x1059b, 0x0, 0x10575, 0x1059c, 0x0,
  0x10576, 0x1059d, 0x0, 0x10577, 0x1059e, 0x0, 0x10578, 0x1059f, 0x0, 0x10579, 0x105a0, 0x0,
  0x1057a, 0x105a1, 0x0, 0x1057c, 0x105a3, 0x0, 0x1057d, 0x105a4, 0x0, 0x1057e, 0x105a5, 0x0,
  0x1057f, 0x105a6, 0x0, 0x10580, 0x105a7, 0x0, 0x10581, 0x105a8, 0x0, 0x10582, 0x105a9, 0x0,
  0x10583, 0x105aa, 0x0, 0x10584, 0x105ab, 0x0, 0x10585, 0x105ac, 0x0, 0x10586, 0x105ad, 0x0,
  0x10587, 0x105ae, 0x0, 0x10588, 0x105af, 0x0, 0x10589, 0x105b0, 0x0, 0x1058a, 0x105b1, 0x0,
  0x1058c, 0x105b3, 0x0, 0x1058d, 0x105b4, 0x0, 0x1058e, 0x105b5, 0x0, 0x1058f, 0x105b6, 0x0,
  0x10590, 0x105b7, 0x0, 0x10591, 0x105b8, 0x0, 0x10592, 0x105b9, 0x0, 0x10594, 0x105bb, 0x0,
  0x10595, 0x105bc, 0x0, 0x10c80, 0x10cc0, 0x0, 0x10c81, 0x10cc1, 0x0, 0x10c82, 0x10cc2, 0x0,
  0x10c83, 0x10cc3, 0x0, 0x10c84, 0x10cc4, 0x0, 0x10c85, 0x10cc5, 0x0, 0x10c86, 0x10cc6, 0x0,
  0x10c87, 0x10cc7, 0x0, 0x10c88, 0x10cc8, 0x0, 0x10c89, 0x10cc9, 0x0, 0x10c8a, 0x10cca, 0x0,
  0x10c8b, 0x10ccb, 0x0, 0x10c8c, 0x10ccc, 0x0, 0x10c8d, 0x10ccd, 0x0, 0x10c8e, 0x10cce, 0x0,
  0x10c8f, 0x10ccf, 0x0, 0x10c90, 0x10cd0, 0x0, 0x10c91, 0x10cd1, 0x0, 0x10c92, 0x10cd2, 0x0,
  0x10c93, 0x10cd3, 0x0, 0x10c94, 0x10cd4, 0x0, 0x10c95, 0x10cd5, 0x0, 0x10c96, 0x10cd6, 0x0,
  0x10c97, 0x10cd7, 0x0, 0x10c98, 0x10cd8, 0x0, 0x10c99, 0x10cd9, 0x0, 0x10c9a, 0x10cda, 0x0,
  0x10c9b, 0x10cdb, 0x0, 0x10c9c, 0x10cdc, 0x0, 0x10c9d, 0x10cdd, 0x0, 0x10c9e, 0x10cde, 0x0,
  0x10c9f, 0x10cdf, 0x0, 0x10ca0, 0x10ce0, 0x0, 0x10ca1, 0x10ce1, 0x0, 0x10ca2, 0x10ce2, 0x0,
  0x10ca3, 0x10ce3, 0x0, 0x10ca4, 0x10ce4, 0x0, 0x10ca5, 0x10ce5, 0x0, 0x10ca6, 0x10ce6, 0x0,
  0x10ca7, 0x10ce7, 0x0, 0x10ca8, 0x10ce8, 0x0, 0x10ca9, 0x10ce9, 0x0, 0x10caa, 0x10cea, 0x0,
  0x10cab, 0x10ceb, 0x0, 0x10cac, 0x10cec, 0x0, 0x10cad, 0x10ced, 0x0, 0x10cae, 0x10cee, 0x0,
  0x10caf, 0x10cef, 0x0, 0x10cb0, 0x10cf0, 0x0, 0x10cb1, 0x10cf1, 0x0, 0x10cb2, 0x10cf2, 0x0,
  0x10d50, 0x10d70, 0x0, 0x10d51, 0x10d71, 0x0, 0x10d52, 0x10d72, 0x0, 0x10d53, 0x10d73, 0x0,
  0x10d54, 0x10d74, 0x0, 0x10d55, 0x10d75, 0x0, 0x10d56, 0x10d76, 0x0, 0x10d57, 0x10d77, 0x0,
  0x10d58, 0x10d78, 0x0, 0x10d59, 0x10d79, 0x0, 0x10d5a, 0x10d7a, 0x0, 0x10d5b, 0x10d7b, 0x0,
  0x10d5c, 0x10d7c, 0x0, 0x10d5d, 0x10d7d, 0x0, 0x10d5e, 0x10d7e, 0x0, 0x10d5f, 0x10d7f, 0x0,
  0x10d60, 0x10d80, 0x0, 0x10d61, 0x10d81, 0x0, 0x10d62, 0x10d82, 0x0, 0x10d63, 0x10d83, 0x0,
  0x10d64, 0x10d84, 0x0, 0x10d65, 0x10d85, 0x0, 0x118a0, 0x118c0, 0x0, 0x118a1, 0x118c1, 0x0,
  0x118a2, 0x118c2, 0x0, 0x118a3, 0x118c3, 0x0, 0x118a4, 0x118c4, 0x0, 0x118a5, 0x118c5, 0x0,
  0x118a6, 0x118c6, 0x0, 0x118a7, 0x118c7, 0x0, 0x118a8, 0x118c8, 0x0, 0x118a9, 0x118c9, 0x0,
  0x118aa, 0x118ca, 0x0, 0x118ab, 0x118cb, 0x0, 0x118ac, 0x118cc, 0x0, 0x118ad, 0x118cd, 0x0,
  0x118ae, 0x118ce, 0x0, 0x118af, 0x118cf, 0x0, 0x118b0, 0x118d0, 0x0, 0x118b1, 0x118d1, 0x0,
  0x118b2, 0x118d2, 0x0, 0x118b3, 0x118d3, 0x0, 0x118b4, 0x118d4, 0x0, 0x118b5, 0x118d5, 0x0,
  0x118b6, 0x118d6, 0x0, 0x118b7, 0x118d7, 0x0, 0x118b8, 0x118d8, 0x0, 0x118b9, 0x118d9, 0x0,
  0x118ba, 0x118da, 0x0, 0x118bb, 0x118db, 0x0, 0x118bc, 0x118dc, 0x0, 0x118bd, 0x118dd, 0x0,
  0x118be, 0x118de, 0x0, 0x118bf, 0x118df, 0x0, 0x16e40, 0x16e60, 0x0, 0x16e41, 0x16e61, 0x0,
  0x16e42, 0x16e62, 0x0, 0x16e43, 0x16e63, 0x0, 0x16e44, 0x16e64, 0x0, 0x16e45, 0x16e65, 0x0,
  0x16e46, 0x16e66, 0x0, 0x16e47, 0x16e67, 0x0, 0x16e48, 0x16e68, 0x0, 0x16e49, 0x16e69, 0x0,
  0x16e4a, 0x16e6a, 0x0, 0x16e4b, 0x16e6b, 0x0, 0x16e4c, 0x16e6c, 0x0, 0x16e4d, 0x16e6d, 0x0,
  0x16e4e, 0x16e6e, 0x0, 0x16e4f, 0x16e6f, 0x0, 0x16e50, 0x16e70, 0x0, 0x16e51, 0x16e71, 0x0,
  0x16e52, 0x16e72, 0x0, 0x16e53, 0x16e73, 0x0, 0x16e54, 0x16e74, 0x0, 0x16e55, 0x16e75, 0x0,
  0x16e56, 0x16e76, 0x0, 0x16e57, 0x16e77, 0x0, 0x16e58, 0x16e78, 0x0, 0x16e59, 0x16e79, 0x0,
  0x16e5a, 0x16e7a, 0x0, 0x16e5b, 0x16e7b, 0x0, 0x16e5c, 0x16e7c, 0x0, 0x16e5d, 0x16e7d, 0x0,
  0x16e5e, 0x16e7e, 0x0, 0x16e5f, 0x16e7f, 0x0, 0x1e900, 0x1e922, 0x0, 0x1e901, 0x1e923, 0x0,
  0x1e902, 0x1e924, 0x0, 0x1e903, 0x1e925, 0x0, 0x1e904, 0x1e926, 0x0, 0x1e905, 0x1e927, 0x0,
  0x1e906, 0x1e928, 0x0, 0x1e907, 0x1e929, 0x0, 0x1e908, 0x1e92a, 0x0, 0x1e909, 0x1e92b, 0x0,
  0x1e90a, 0x1e92c, 0x0, 0x1e90b, 0x1e92d, 0x0, 0x1e90c, 0x1e92e, 0x0, 0x1e90d, 0x1e92f, 0x0,
  0x1e90e, 0x1e930, 0x0, 0x1e90f, 0x1e931, 0x0, 0x1e910, 0x1e932, 0x0, 0x1e911, 0x1e933, 0x0,
  0x1e912, 0x1e934, 0x0, 0x1e913, 0x1e935, 0x0, 0x1e914, 0x1e936, 0x0, 0x1e915, 0x1e937, 0x0,
  0x1e916, 0x1e938, 0x0, 0x1e917, 0x1e939, 0x0, 0x1e918, 0x1e93a, 0x0, 0x1e919, 0x1e93b, 0x0,
  0x1e91a, 0x1e93c, 0x0, 0x1e91b, 0x1e93d, 0x0, 0x1e91c, 0x1e93e, 0x0, 0x1e91d, 0x1e93f, 0x0,
  0x1e91e, 0x1e940, 0x0, 0x1e91f, 0x1e941, 0x0, 0x1e920, 0x1e942, 0x0, 0x1e921, 0x1e943, 0x0,
};
static constexpr uint32_t kFold[] = {
  0x41, 0x61, 0x42, 0x62, 0x43, 0x63, 0x44, 0x64, 0x45, 0x65, 0x46, 0x66,
  0x47, 0x67, 0x48, 0x68, 0x49, 0x69, 0x4a, 0x6a, 0x4b, 0x6b, 0x4c, 0x6c,
  0x4d, 0x6d, 0x4e, 0x6e, 0x4f, 0x6f, 0x50, 0x70, 0x51, 0x71, 0x52, 0x72,
  0x53, 0x73, 0x54, 0x74, 0x55, 0x75, 0x56, 0x76, 0x57, 0x77, 0x58, 0x78,
  0x59, 0x79, 0x5a, 0x7a, 0xc0, 0xe0, 0xc1, 0xe1, 0xc2, 0xe2, 0xc3, 0xe3,
  0xc4, 0xe4, 0xc5, 0xe5, 0xc6, 0xe6, 0xc7, 0xe7, 0xc8, 0xe8, 0xc9, 0xe9,
  0xca, 0xea, 0xcb, 0xeb, 0xcc, 0xec, 0xcd, 0xed, 0xce, 0xee, 0xcf, 0xef,
  0xd0, 0xf0, 0xd1, 0xf1, 0xd2, 0xf2, 0xd3, 0xf3, 0xd4, 0xf4, 0xd5, 0xf5,
  0xd6, 0xf6, 0xd8, 0xf8, 0xd9, 0xf9, 0xda, 0xfa, 0xdb, 0xfb, 0xdc, 0xfc,
  0xdd, 0xfd, 0xde, 0xfe, 0x100, 0x101, 0x102, 0x103, 0x104, 0x105, 0x106, 0x107,
  0x108, 0x109, 0x10a, 0x10b, 0x10c, 0x10d, 0x10e, 0x10f, 0x110, 0x111, 0x112, 0x113,
  0x114, 0x115, 0x116, 0x117, 0x118, 0x119, 0x11a, 0x11b, 0x11c, 0x11d, 0x11e, 0x11f,
  0x120, 0x121, 0x122, 0x123, 0x124, 0x125, 0x126, 0x127, 0x128, 0x129, 0x12a, 0x12b,
  0x12c, 0x12d, 0x12e, 0x12f, 0x130, 0x69, 0x131, 0x69, 0x132, 0x133, 0x134, 0x135,
  0x136, 0x137, 0x139, 0x13a, 0x13b, 0x13c, 0x13d, 0x13e, 0x13f, 0x140, 0x141, 0x142,
  0x143, 0x144, 0x145, 0x146, 0x147, 0x148, 0x14a, 0x14b, 0x14c, 0x14d, 0x14e, 0x14f,
  0x150, 0x151, 0x152, 0x153, 0x154, 0x155, 0x156, 0x157, 0x158, 0x159, 0x15a, 0x15b,
  0x15c, 0x15d, 0x15e, 0x15f, 0x160, 0x161, 0x162, 0x163, 0x164, 0x165, 0x166, 0x167,
  0x168, 0x169, 0x16a, 0x16b, 0x16c, 0x16d, 0x16e, 0x16f, 0x170, 0x171, 0x172, 0x173,
  0x174, 0x175, 0x176, 0x177, 0x178, 0xff, 0x179, 0x17a, 0x17b, 0x17c, 0x17d, 0x17e,
  0x17f, 0x73, 0x181, 0x253, 0x182, 0x183, 0x184, 0x185, 0x186, 0x254, 0x187, 0x188,
  0x189, 0x256, 0x18a, 0x257, 0x18b, 0x18c, 0x18e, 0x1dd, 0x18f, 0x259, 0x190, 0x25b,
  0x191, 0x192, 0x193, 0x260, 0x194, 0x263, 0x196, 0x269, 0x197, 0x268, 0x198, 0x199,
  0x19c, 0x26f, 0x19d, 0x272, 0x19f, 0x275, 0x1a0, 0x1a1, 0x1a2, 0x1a3, 0x1a4, 0x1a5,
  0x1a6, 0x280, 0x1a7, 0x1a8, 0x1a9, 0x283, 0x1ac, 0x1ad, 0x1ae, 0x288, 0x1af, 0x1b0,
  0x1b1, 0x28a, 0x1b2, 0x28b, 0x1b3, 0x1b4, 0x1b5, 0x1b6, 0x1b7, 0x292, 0x1b8, 0x1b9,
  0x1bc, 0x1bd, 0x1c4, 0x1c6, 0x1c5, 0x1c6, 0x1c7, 0x1c9, 0x1c8, 0x1c9, 0x1ca, 0x1cc,
  0x1cb, 0x1cc, 0x1cd, 0x1ce, 0x1cf, 0x1d0, 0x1d1, 0x1d2, 0x1d3, 0x1d4, 0x1d5, 0x1d6,
  0x1d7, 0x1d8, 0x1d9, 0x1da, 0x1db, 0x1dc, 0x1de, 0x1df, 0x1e0, 0x1e1, 0x1e2, 0x1e3,
  0x1e4, 0x1e5, 0x1e6, 0x1e7, 0x1e8, 0x1e9, 0x1ea, 0x1eb, 0x1ec, 0x1ed, 0x1ee, 0x1ef,
  0x1f1, 0x1f3, 0x1f2, 0x1f3, 0x1f4, 0x1f5, 0x1f6, 0x195, 0x1f7, 0x1bf, 0x1f8, 0x1f9,
  0x1fa, 0x1fb, 0x1fc, 0x1fd, 0x1fe, 0x1ff, 0x200, 0x201, 0x202, 0x203, 0x204, 0x205,
  0x206, 0x207, 0x208, 0x209, 0x20a, 0x20b, 0x20c, 0x20d, 0x20e, 0x20f, 0x210, 0x211,
  0x212, 0x213, 0x214, 0x215, 0x216, 0x217, 0x218, 0x219, 0x21a, 0x21b, 0x21c, 0x21d,
  0x21e, 0x21f, 0x220, 0x19e, 0x222, 0x223, 0x224, 0x225, 0x226, 0x227, 0x228, 0x229,
  0x22a, 0x22b, 0x22c, 0x22d, 0x22e, 0x22f, 0x230, 0x231, 0x232, 0x233, 0x23a, 0x2c65,
  0x23b, 0x23c, 0x23d, 0x19a, 0x23e, 0x2c66, 0x241, 0x242, 0x243, 0x180, 0x244, 0x289,
  0x245, 0x28c, 0x246, 0x247, 0x248, 0x249, 0x24a, 0x24b, 0x24c, 0x24d, 0x24e, 0x24f,
  0x370, 0x371, 0x372, 0x373, 0x376, 0x377, 0x37f, 0x3f3, 0x386, 0x3ac, 0x388, 0x3ad,
  0x389, 0x3ae, 0x38a, 0x3af, 0x38c, 0x3cc, 0x38e, 0x3cd, 0x38f, 0x3ce, 0x391, 0x3b1,
  0x392, 0x3b2, 0x393, 0x3b3, 0x394, 0x3b4, 0x395, 0x3b5, 0x396, 0x3b6, 0x397, 0x3b7,
  0x398, 0x3b8, 0x399, 0x345, 0x39a, 0x3ba, 0x39b, 0x3bb, 0x39c, 0xb5, 0x39d, 0x3bd,
  0x39e, 0x3be, 0x39f, 0x3bf, 0x3a0, 0x3c0, 0x3a1, 0x3c1, 0x3a3, 0x3c2, 0x3a4, 0x3c4,
  0x3a5, 0x3c5, 0x3a6, 0x3c6, 0x3a7, 0x3c7, 0x3a8, 0x3c8, 0x3a9, 0x3c9, 0x3aa, 0x3ca,
  0x3ab, 0x3cb, 0x3b9, 0x345, 0x3bc, 0xb5, 0x3c3, 0x3c2, 0x3cf, 0x3d7, 0x3d0, 0x3b2,
  0x3d1, 0x3b8, 0x3d5, 0x3c6, 0x3d6, 0x3c0, 0x3d8, 0x3d9, 0x3da, 0x3db, 0x3dc, 0x3dd,
  0x3de, 0x3df, 0x3e0, 0x3e1, 0x3e2, 0x3e3, 0x3e4, 0x3e5, 0x3e6, 0x3e7, 0x3e8, 0x3e9,
  0x3ea, 0x3eb, 0x3ec, 0x3ed, 0x3ee, 0x3ef, 0x3f0, 0x3ba, 0x3f1, 0x3c1, 0x3f4, 0x3b8,
  0x3f5, 0x3b5, 0x3f7, 0x3f8, 0x3f9, 0x3f2, 0x3fa, 0x3fb, 0x3fd, 0x37b, 0x3fe, 0x37c,
  0x3ff, 0x37d, 0x400, 0x450, 0x401, 0x451, 0x402, 0x452, 0x403, 0x453, 0x404, 0x454,
  0x405, 0x455, 0x406, 0x456, 0x407, 0x457, 0x408, 0x458, 0x409, 0x459, 0x40a, 0x45a,
  0x40b, 0x45b, 0x40c, 0x45c, 0x40d, 0x45d, 0x40e, 0x45e, 0x40f, 0x45f, 0x410, 0x430,
  0x411, 0x431, 0x412, 0x432, 0x413, 0x433, 0x414, 0x434, 0x415, 0x435, 0x416, 0x436,
  0x417, 0x437, 0x418, 0x438, 0x419, 0x439, 0x41a, 0x43a, 0x41b, 0x43b, 0x41c, 0x43c,
  0x41d, 0x43d, 0x41e, 0x43e, 0x41f, 0x43f, 0x420, 0x440, 0x421, 0x441, 0x422, 0x442,
  0x423, 0x443, 0x424, 0x444, 0x425, 0x445, 0x426, 0x446, 0x427, 0x447, 0x428, 0x448,
  0x429, 0x449, 0x42a, 0x44a, 0x42b, 0x44b, 0x42c, 0x44c, 0x42d, 0x44d, 0x42e, 0x44e,
  0x42f, 0x44f, 0x460, 0x461, 0x462, 0x463, 0x464, 0x465, 0x466, 0x467, 0x468, 0x469,
  0x46a, 0x46b, 0x46c, 0x46d, 0x46e, 0x46f, 0x470, 0x471, 0x472, 0x473, 0x474, 0x475,
  0x476, 0x477, 0x478, 0x479, 0x47a, 0x47b, 0x47c, 0x47d, 0x47e, 0x47f, 0x480, 0x481,
  0x48a, 0x48b, 0x48c, 0x48d, 0x48e, 0x48f, 0x490, 0x491, 0x492, 0x493, 0x494, 0x495,
  0x496, 0x497, 0x498, 0x499, 0x49a, 0x49b, 0x49c, 0x49d, 0x49e, 0x49f, 0x4a0, 0x4a1,
  0x4a2, 0x4a3, 0x4a4, 0x4a5, 0x4a6, 0x4a7, 0x4a8, 0x4a9, 0x4aa, 0x4ab, 0x4ac, 0x4ad,
  0x4ae, 0x4af, 0x4b0, 0x4b1, 0x4b2, 0x4b3, 0x4b4, 0x4b5, 0x4b6, 0x4b7, 0x4b8, 0x4b9,
  0x4ba, 0x4bb, 0x4bc, 0x4bd, 0x4be, 0x4bf, 0x4c0, 0x4cf, 0x4c1, 0x4c2, 0x4c3, 0x4c4,
  0x4c5, 0x4c6, 0x4c7, 0x4c8, 0x4c9, 0x4ca, 0x4cb, 0x4cc, 0x4cd, 0x4ce, 0x4d0, 0x4d1,
  0x4d2, 0x4d3, 0x4d4, 0x4d5, 0x4d6, 0x4d7, 0x4d8, 0x4d9, 0x4da, 0x4db, 0x4dc, 0x4dd,
  0x4de, 0x4df, 0x4e0, 0x4e1, 0x4e2, 0x4e3, 0x4e4, 0x4e5, 0x4e6, 0x4e7, 0x4e8, 0x4e9,
  0x4ea, 0x4eb, 0x4ec, 0x4ed, 0x4ee, 0x4ef, 0x4f0, 0x4f1, 0x4f2, 0x4f3, 0x4f4, 0x4f5,
  0x4f6, 0x4f7, 0x4f8, 0x4f9, 0x4fa, 0x4fb, 0x4fc, 0x4fd, 0x4fe, 0x4ff, 0x500, 0x501,
  0x502, 0x503, 0x504, 0x505, 0x506, 0x507, 0x508, 0x509, 0x50a, 0x50b, 0x50c, 0x50d,
  0x50e, 0x50f, 0x510, 0x511, 0x512, 0x513, 0x514, 0x515, 0x516, 0x517, 0x518, 0x519,
  0x51a, 0x51b, 0x51c, 0x51d, 0x51e, 0x51f, 0x520, 0x521, 0x522, 0x523, 0x524, 0x525,
  0x526, 0x527, 0x528, 0x529, 0x52a, 0x52b, 0x52c, 0x52d, 0x52e, 0x52f, 0x531, 0x561,
  0x532, 0x562, 0x533, 0x563, 0x534, 0x564, 0x535, 0x565, 0x536, 0x566, 0x537, 0x567,
  0x538, 0x568, 0x539, 0x569, 0x53a, 0x56a, 0x53b, 0x56b, 0x53c, 0x56c, 0x53d, 0x56d,
  0x53e, 0x56e, 0x53f, 0x56f, 0x540, 0x570, 0x541, 0x571, 0x542, 0x572, 0x543, 0x573,
  0x544, 0x574, 0x545, 0x575, 0x546, 0x576, 0x547, 0x577, 0x548, 0x578, 0x549, 0x579,
  0x54a, 0x57a, 0x54b, 0x57b, 0x54c, 0x57c, 0x54d, 0x57d, 0x54e, 0x57e, 0x54f, 0x57f,
  0x550, 0x580, 0x551, 0x581, 0x552, 0x582, 0x553, 0x583, 0x554, 0x584, 0x555, 0x585,
  0x556, 0x586, 0x10a0, 0x2d00, 0x10a1, 0x2d01, 0x10a2, 0x2d02, 0x10a3, 0x2d03, 0x10a4, 0x2d04,
  0x10a5, 0x2d05, 0x10a6, 0x2d06, 0x10a7, 0x2d07, 0x10a8, 0x2d08, 0x10a9, 0x2d09, 0x10aa, 0x2d0a,
  0x10ab, 0x2d0b, 0x10ac, 0x2d0c, 0x10ad, 0x2d0d, 0x10ae, 0x2d0e, 0x10af, 0x2d0f, 0x10b0, 0x2d10,
  0x10b1, 0x2d11, 0x10b2, 0x2d12, 0x10b3, 0x2d13, 0x10b4, 0x2d14, 0x10b5, 0x2d15, 0x10b6, 0x2d16,
  0x10b7, 0x2d17, 0x10b8, 0x2d18, 0x10b9, 0x2d19, 0x10ba, 0x2d1a, 0x10bb, 0x2d1b, 0x10bc, 0x2d1c,
  0x10bd, 0x2d1d, 0x10be, 0x2d1e, 0x10bf, 0x2d1f, 0x10c0, 0x2d20, 0x10c1, 0x2d21, 0x10c2, 0x2d22,
  0x10c3, 0x2d23, 0x10c4, 0x2d24, 0x10c5, 0x2d25, 0x10c7, 0x2d27, 0x10cd, 0x2d2d, 0x13a0, 0xab70,
  0x13a1, 0xab71, 0x13a2, 0xab72, 0x13a3, 0xab73, 0x13a4, 0xab74, 0x13a5, 0xab75, 0x13a6, 0xab76,
  0x13a7, 0xab77, 0x13a8, 0xab78, 0x13a9, 0xab79, 0x13aa, 0xab7a, 0x13ab, 0xab7b, 0x13ac, 0xab7c,
  0x13ad, 0xab7d, 0x13ae, 0xab7e, 0x13af, 0xab7f, 0x13b0, 0xab80, 0x13b1, 0xab81, 0x13b2, 0xab82,
  0x13b3, 0xab83, 0x13b4, 0xab84, 0x13b5, 0xab85, 0x13b6, 0xab86, 0x13b7, 0xab87, 0x13b8, 0xab88,
  0x13b9, 0xab89, 0x13ba, 0xab8a, 0x13bb, 0xab8b, 0x13bc, 0xab8c, 0x13bd, 0xab8d, 0x13be, 0xab8e,
  0x13bf, 0xab8f, 0x13c0, 0xab90, 0x13c1, 0xab91, 0x13c2, 0xab92, 0x13c3, 0xab93, 0x13c4, 0xab94,
  0x13c5, 0xab95, 0x13c6, 0xab96, 0x13c7, 0xab97, 0x13c8, 0xab98, 0x13c9, 0xab99, 0x13ca, 0xab9a,
  0x13cb, 0xab9b, 0x13cc, 0xab9c, 0x13cd, 0xab9d, 0x13ce, 0xab9e, 0x13cf, 0xab9f, 0x13d0, 0xaba0,
  0x13d1, 0xaba1, 0x13d2, 0xaba2, 0x13d3, 0xaba3, 0x13d4, 0xaba4, 0x13d5, 0xaba5, 0x13d6, 0xaba6,
  0x13d7, 0xaba7, 0x13d8, 0xaba8, 0x13d9, 0xaba9, 0x13da, 0xabaa, 0x13db, 0xabab, 0x13dc, 0xabac,
  0x13dd, 0xabad, 0x13de, 0xabae, 0x13df, 0xabaf, 0x13e0, 0xabb0, 0x13e1, 0xabb1, 0x13e2, 0xabb2,
  0x13e3, 0xabb3, 0x13e4, 0xabb4, 0x13e5, 0xabb5, 0x13e6, 0xabb6, 0x13e7, 0xabb7, 0x13e8, 0xabb8,
  0x13e9, 0xabb9, 0x13ea, 0xabba, 0x13eb, 0xabbb, 0x13ec, 0xabbc, 0x13ed, 0xabbd, 0x13ee, 0xabbe,
  0x13ef, 0xabbf, 0x13f0, 0x13f8, 0x13f1, 0x13f9, 0x13f2, 0x13fa, 0x13f3, 0x13fb, 0x13f4, 0x13fc,
  0x13f5, 0x13fd, 0x1c80, 0x432, 0x1c81, 0x434, 0x1c82, 0x43e, 0x1c83, 0x441, 0x1c84, 0x442,
  0x1c85, 0x442, 0x1c86, 0x44a, 0x1c87, 0x463, 0x1c89, 0x1c8a, 0x1c90, 0x10d0, 0x1c91, 0x10d1,
  0x1c92, 0x10d2, 0x1c93, 0x10d3, 0x1c94, 0x10d4, 0x1c95, 0x10d5, 0x1c96, 0x10d6, 0x1c97, 0x10d7,
  0x1c98, 0x10d8, 0x1c99, 0x10d9, 0x1c9a, 0x10da, 0x1c9b, 0x10db, 0x1c9c, 0x10dc, 0x1c9d, 0x10dd,
  0x1c9e, 0x10de, 0x1c9f, 0x10df, 0x1ca0, 0x10e0, 0x1ca1, 0x10e1, 0x1ca2, 0x10e2, 0x1ca3, 0x10e3,
  0x1ca4, 0x10e4, 0x1ca5, 0x10e5, 0x1ca6, 0x10e6, 0x1ca7, 0x10e7, 0x1ca8, 0x10e8, 0x1ca9, 0x10e9,
  0x1caa, 0x10ea, 0x1cab, 0x10eb, 0x1cac, 0x10ec, 0x1cad, 0x10ed, 0x1cae, 0x10ee, 0x1caf, 0x10ef,
  0x1cb0, 0x10f0, 0x1cb1, 0x10f1, 0x1cb2, 0x10f2, 0x1cb3, 0x10f3, 0x1cb4, 0x10f4, 0x1cb5, 0x10f5,
  0x1cb6, 0x10f6, 0x1cb7, 0x10f7, 0x1cb8, 0x10f8, 0x1cb9, 0x10f9, 0x1cba, 0x10fa, 0x1cbd, 0x10fd,
  0x1cbe, 0x10fe, 0x1cbf, 0x10ff, 0x1e00, 0x1e01, 0x1e02, 0x1e03, 0x1e04, 0x1e05, 0x1e06, 0x1e07,
  0x1e08, 0x1e09, 0x1e0a, 0x1e0b, 0x1e0c, 0x1e0d, 0x1e0e, 0x1e0f, 0x1e10, 0x1e11, 0x1e12, 0x1e13,
  0x1e14, 0x1e15, 0x1e16, 0x1e17, 0x1e18, 0x1e19, 0x1e1a, 0x1e1b, 0x1e1c, 0x1e1d, 0x1e1e, 0x1e1f,
  0x1e20, 0x1e21, 0x1e22, 0x1e23, 0x1e24, 0x1e25, 0x1e26, 0x1e27, 0x1e28, 0x1e29, 0x1e2a, 0x1e2b,
  0x1e2c, 0x1e2d, 0x1e2e, 0x1e2f, 0x1e30, 0x1e31, 0x1e32, 0x1e33, 0x1e34, 0x1e35, 0x1e36, 0x1e37,
  0x1e38, 0x1e39, 0x1e3a, 0x1e3b, 0x1e3c, 0x1e3d, 0x1e3e, 0x1e3f, 0x1e40, 0x1e41, 0x1e42, 0x1e43,
  0x1e44, 0x1e45, 0x1e46, 0x1e47, 0x1e48, 0x1e49, 0x1e4a, 0x1e4b, 0x1e4c, 0x1e4d, 0x1e4e, 0x1e4f,
  0x1e50, 0x1e51, 0x1e52, 0x1e53, 0x1e54, 0x1e55, 0x1e56, 0x1e57, 0x1e58, 0x1e59, 0x1e5a, 0x1e5b,
  0x1e5c, 0x1e5d, 0x1e5e, 0x1e5f, 0x1e60, 0x1e61, 0x1e62, 0x1e63, 0x1e64, 0x1e65, 0x1e66, 0x1e67,
  0x1e68, 0x1e69, 0x1e6a, 0x1e6b, 0x1e6c, 0x1e6d, 0x1e6e, 0x1e6f, 0x1e70, 0x1e71, 0x1e72, 0x1e73,
  0x1e74, 0x1e75, 0x1e76, 0x1e77, 0x1e78, 0x1e79, 0x1e7a, 0x1e7b, 0x1e7c, 0x1e7d, 0x1e7e, 0x1e7f,
  0x1e80, 0x1e81, 0x1e82, 0x1e83, 0x1e84, 0x1e85, 0x1e86, 0x1e87, 0x1e88, 0x1e89, 0x1e8a, 0x1e8b,
  0x1e8c, 0x1e8d, 0x1e8e, 0x1e8f, 0x1e90, 0x1e91, 0x1e92, 0x1e93, 0x1e94, 0x1e95, 0x1e9b, 0x1e61,
  0x1e9e, 0xdf, 0x1ea0, 0x1ea1, 0x1ea2, 0x1ea3, 0x1ea4, 0x1ea5, 0x1ea6, 0x1ea7, 0x1ea8, 0x1ea9,
  0x1eaa, 0x1eab, 0x1eac, 0x1ead, 0x1eae, 0x1eaf, 0x1eb0, 0x1eb1, 0x1eb2, 0x1eb3, 0x1eb4, 0x1eb5,
  0x1eb6, 0x1eb7, 0x1eb8, 0x1eb9, 0x1eba, 0x1ebb, 0x1ebc, 0x1ebd, 0x1ebe, 0x1ebf, 0x1ec0, 0x1ec1,
  0x1ec2, 0x1ec3, 0x1ec4, 0x1ec5, 0x1ec6, 0x1ec7, 0x1ec8, 0x1ec9, 0x1eca, 0x1ecb, 0x1ecc, 0x1ecd,
  0x1ece, 0x1ecf, 0x1ed0, 0x1ed1, 0x1ed2, 0x1ed3, 0x1ed4, 0x1ed5, 0x1ed6, 0x1ed7, 0x1ed8, 0x1ed9,
  0x1eda, 0x1edb, 0x1edc, 0x1edd, 0x1ede, 0x1edf, 0x1ee0, 0x1ee1, 0x1ee2, 0x1ee3, 0x1ee4, 0x1ee5,
  0x1ee6, 0x1ee7, 0x1ee8, 0x1ee9, 0x1eea, 0x1eeb, 0x1eec, 0x1eed, 0x1eee, 0x1eef, 0x1ef0, 0x1ef1,
  0x1ef2, 0x1ef3, 0x1ef4, 0x1ef5, 0x1ef6, 0x1ef7, 0x1ef8, 0x1ef9, 0x1efa, 0x1efb, 0x1efc, 0x1efd,
  0x1efe, 0x1eff, 0x1f08, 0x1f00, 0x1f09, 0x1f01, 0x1f0a, 0x1f02, 0x1f0b, 0x1f03, 0x1f0c, 0x1f04,
  0x1f0d, 0x1f05, 0x1f0e, 0x1f06, 0x1f0f, 0x1f07, 0x1f18, 0x1f10, 0x1f19, 0x1f11, 0x1f1a, 0x1f12,
  0x1f1b, 0x1f13, 0x1f1c, 0x1f14, 0x1f1d, 0x1f15, 0x1f28, 0x1f20, 0x1f29, 0x1f21, 0x1f2a, 0x1f22,
  0x1f2b, 0x1f23, 0x1f2c, 0x1f24, 0x1f2d, 0x1f25, 0x1f2e, 0x1f26, 0x1f2f, 0x1f27, 0x1f38, 0x1f30,
  0x1f39, 0x1f31, 0x1f3a, 0x1f32, 0x1f3b, 0x1f33, 0x1f3c, 0x1f34, 0x1f3d, 0x1f35, 0x1f3e, 0x1f36,
  0x1f3f, 0x1f37, 0x1f48, 0x1f40, 0x1f49, 0x1f41, 0x1f4a, 0x1f42, 0x1f4b, 0x1f43, 0x1f4c, 0x1f44,
  0x1f4d, 0x1f45, 0x1f59, 0x1f51, 0x1f5b, 0x1f53, 0x1f5d, 0x1f55, 0x1f5f, 0x1f57, 0x1f68, 0x1f60,
  0x1f69, 0x1f61, 0x1f6a, 0x1f62, 0x1f6b, 0x1f63, 0x1f6c, 0x1f64, 0x1f6d, 0x1f65, 0x1f6e, 0x1f66,
  0x1f6f, 0x1f67, 0x1f88, 0x1f80, 0x1f89, 0x1f81, 0x1f8a, 0x1f82, 0x1f8b, 0x1f83, 0x1f8c, 0x1f84,
  0x1f8d, 0x1f85, 0x1f8e, 0x1f86, 0x1f8f, 0x1f87, 0x1f98, 0x1f90, 0x1f99, 0x1f91, 0x1f9a, 0x1f92,
  0x1f9b, 0x1f93, 0x1f9c, 0x1f94, 0x1f9d, 0x1f95, 0x1f9e, 0x1f96, 0x1f9f, 0x1f97, 0x1fa8, 0x1fa0,
  0x1fa9, 0x1fa1, 0x1faa, 0x1fa2, 0x1fab, 0x1fa3, 0x1fac, 0x1fa4, 0x1fad, 0x1fa5, 0x1fae, 0x1fa6,
  0x1faf, 0x1fa7, 0x1fb8, 0x1fb0, 0x1fb9, 0x1fb1, 0x1fba, 0x1f70, 0x1fbb, 0x1f71, 0x1fbc, 0x1fb3,
  0x1fbe, 0x345, 0x1fc8, 0x1f72, 0x1fc9, 0x1f73, 0x1fca, 0x1f74, 0x1fcb, 0x1f75, 0x1fcc, 0x1fc3,
  0x1fd3, 0x390, 0x1fd8, 0x1fd0, 0x1fd9, 0x1fd1, 0x1fda, 0x1f76, 0x1fdb, 0x1f77, 0x1fe3, 0x3b0,
  0x1fe8, 0x1fe0, 0x1fe9, 0x1fe1, 0x1fea, 0x1f7a, 0x1feb, 0x1f7b, 0x1fec, 0x1fe5, 0x1ff8, 0x1f78,
  0x1ff9, 0x1f79, 0x1ffa, 0x1f7c, 0x1ffb, 0x1f7d, 0x1ffc, 0x1ff3, 0x2126, 0x3c9, 0x212a, 0x6b,
  0x212b, 0xe5, 0x2132, 0x214e, 0x2160, 0x2170, 0x2161, 0x2171, 0x2162, 0x2172, 0x2163, 0x2173,
  0x2164, 0x2174, 0x2165, 0x2175, 0x2166, 0x2176, 0x2167, 0x2177, 0x2168, 0x2178, 0x2169, 0x2179,
  0x216a, 0x217a, 0x216b, 0x217b, 0x216c, 0x217c, 0x216d, 0x217d, 0x216e, 0x217e, 0x216f, 0x217f,
  0x2183, 0x2184, 0x24b6, 0x24d0, 0x24b7, 0x24d1, 0x24b8, 0x24d2, 0x24b9, 0x24d3, 0x24ba, 0x24d4,
  0x24bb, 0x24d5, 0x24bc, 0x24d6, 0x24bd, 0x24d7, 0x24be, 0x24d8, 0x24bf, 0x24d9, 0x24c0, 0x24da,
  0x24c1, 0x24db, 0x24c2, 0x24dc, 0x24c3, 0x24dd, 0x24c4, 0x24de, 0x24c5, 0x24df, 0x24c6, 0x24e0,
  0x24c7, 0x24e1, 0x24c8, 0x24e2, 0x24c9, 0x24e3, 0x24ca, 0x24e4, 0x24cb, 0x24e5, 0x24cc, 0x24e6,
  0x24cd, 0x24e7, 0x24ce, 0x24e8, 0x24cf, 0x24e9, 0x2c00, 0x2c30, 0x2c01, 0x2c31, 0x2c02, 0x2c32,
  0x2c03, 0x2c33, 0x2c04, 0x2c34, 0x2c05, 0x2c35, 0x2c06, 0x2c36, 0x2c07, 0x2c37, 0x2c08, 0x2c38,
  0x2c09, 0x2c39, 0x2c0a, 0x2c3a, 0x2c0b, 0x2c3b, 0x2c0c, 0x2c3c, 0x2c0d, 0x2c3d, 0x2c0e, 0x2c3e,
  0x2c0f, 0x2c3f, 0x2c10, 0x2c40, 0x2c11, 0x2c41, 0x2c12, 0x2c42, 0x2c13, 0x2c43, 0x2c14, 0x2c44,
  0x2c15, 0x2c45, 0x2c16, 0x2c46, 0x2c17, 0x2c47, 0x2c18, 0x2c48, 0x2c19, 0x2c49, 0x2c1a, 0x2c4a,
  0x2c1b, 0x2c4b, 0x2c1c, 0x2c4c, 0x2c1d, 0x2c4d, 0x2c1e, 0x2c4e, 0x2c1f, 0x2c4f, 0x2c20, 0x2c50,
  0x2c21, 0x2c51, 0x2c22, 0x2c52, 0x2c23, 0x2c53, 0x2c24, 0x2c54, 0x2c25, 0x2c55, 0x2c26, 0x2c56,
  0x2c27, 0x2c57, 0x2c28, 0x2c58, 0x2c29, 0x2c59, 0x2c2a, 0x2c5a, 0x2c2b, 0x2c5b, 0x2c2c, 0x2c5c,
  0x2c2d, 0x2c5d, 0x2c2e, 0x2c5e, 0x2c2f, 0x2c5f, 0x2c60, 0x2c61, 0x2c62, 0x26b, 0x2c63, 0x1d7d,
  0x2c64, 0x27d, 0x2c67, 0x2c68, 0x2c69, 0x2c6a, 0x2c6b, 0x2c6c, 0x2c6d, 0x251, 0x2c6e, 0x271,
  0x2c6f, 0x250, 0x2c70, 0x252, 0x2c72, 0x2c73, 0x2c75, 0x2c76, 0x2c7e, 0x23f, 0x2c7f, 0x240,
  0x2c80, 0x2c81, 0x2c82, 0x2c83, 0x2c84, 0x2c85, 0x2c86, 0x2c87, 0x2c88, 0x2c89, 0x2c8a, 0x2c8b,
  0x2c8c, 0x2c8d, 0x2c8e, 0x2c8f, 0x2c90, 0x2c91, 0x2c92, 0x2c93, 0x2c94, 0x2c95, 0x2c96, 0x2c97,
  0x2c98, 0x2c99, 0x2c9a, 0x2c9b, 0x2c9c, 0x2c9d, 0x2c9e, 0x2c9f, 0x2ca0, 0x2ca1, 0x2ca2, 0x2ca3,
  0x2ca4, 0x2ca5, 0x2ca6, 0x2ca7, 0x2ca8, 0x2ca9, 0x2caa, 0x2cab, 0x2cac, 0x2cad, 0x2cae, 0x2caf,
  0x2cb0, 0x2cb1, 0x2cb2, 0x2cb3, 0x2cb4, 0x2cb5, 0x2cb6, 0x2cb7, 0x2cb8, 0x2cb9, 0x2cba, 0x2cbb,
  0x2cbc, 0x2cbd, 0x2cbe, 0x2cbf, 0x2cc0, 0x2cc1, 0x2cc2, 0x2cc3, 0x2cc4, 0x2cc5, 0x2cc6, 0x2cc7,
  0x2cc8, 0x2cc9, 0x2cca, 0x2ccb, 0x2ccc, 0x2ccd, 0x2cce, 0x2ccf, 0x2cd0, 0x2cd1, 0x2cd2, 0x2cd3,
  0x2cd4, 0x2cd5, 0x2cd6, 0x2cd7, 0x2cd8, 0x2cd9, 0x2cda, 0x2cdb, 0x2cdc, 0x2cdd, 0x2cde, 0x2cdf,
  0x2ce0, 0x2ce1, 0x2ce2, 0x2ce3, 0x2ceb, 0x2cec, 0x2ced, 0x2cee, 0x2cf2, 0x2cf3, 0xa640, 0xa641,
  0xa642, 0xa643, 0xa644, 0xa645, 0xa646, 0xa647, 0xa648, 0xa649, 0xa64a, 0x1c88, 0xa64b, 0x1c88,
  0xa64c, 0xa64d, 0xa64e, 0xa64f, 0xa650, 0xa651, 0xa652, 0xa653, 0xa654, 0xa655, 0xa656, 0xa657,
  0xa658, 0xa659, 0xa65a, 0xa65b, 0xa65c, 0xa65d, 0xa65e, 0xa65f, 0xa660, 0xa661, 0xa662, 0xa663,
  0xa664, 0xa665, 0xa666, 0xa667, 0xa668, 0xa669, 0xa66a, 0xa66b, 0xa66c, 0xa66d, 0xa680, 0xa681,
  0xa682, 0xa683, 0xa684, 0xa685, 0xa686, 0xa687, 0xa688, 0xa689, 0xa68a, 0xa68b, 0xa68c, 0xa68d,
  0xa68e, 0xa68f, 0xa690, 0xa691, 0xa692, 0xa693, 0xa694, 0xa695, 0xa696, 0xa697, 0xa698, 0xa699,
  0xa69a, 0xa69b, 0xa722, 0xa723, 0xa724, 0xa725, 0xa726, 0xa727, 0xa728, 0xa729, 0xa72a, 0xa72b,
  0xa72c, 0xa72d, 0xa72e, 0xa72f, 0xa732, 0xa733, 0xa734, 0xa735, 0xa736, 0xa737, 0xa738, 0xa739,
  0xa73a, 0xa73b, 0xa73c, 0xa73d, 0xa73e, 0xa73f, 0xa740, 0xa741, 0xa742, 0xa743, 0xa744, 0xa745,
  0xa746, 0xa747, 0xa748, 0xa749, 0xa74a, 0xa74b, 0xa74c, 0xa74d, 0xa74e, 0xa74f, 0xa750, 0xa751,
  0xa752, 0xa753, 0xa754, 0xa755, 0xa756, 0xa757, 0xa758, 0xa759, 0xa75a, 0xa75b, 0xa75c, 0xa75d,
  0xa75e, 0xa75f, 0xa760, 0xa761, 0xa762, 0xa763, 0xa764, 0xa765, 0xa766, 0xa767, 0xa768, 0xa769,
  0xa76a, 0xa76b, 0xa76c, 0xa76d, 0xa76e, 0xa76f, 0xa779, 0xa77a, 0xa77b, 0xa77c, 0xa77d, 0x1d79,
  0xa77e, 0xa77f, 0xa780, 0xa781, 0xa782, 0xa783, 0xa784, 0xa785, 0xa786, 0xa787, 0xa78b, 0xa78c,
  0xa78d, 0x265, 0xa790, 0xa791, 0xa792, 0xa793, 0xa796, 0xa797, 0xa798, 0xa799, 0xa79a, 0xa79b,
  0xa79c, 0xa79d, 0xa79e, 0xa79f, 0xa7a0, 0xa7a1, 0xa7a2, 0xa7a3, 0xa7a4, 0xa7a5, 0xa7a6, 0xa7a7,
  0xa7a8, 0xa7a9, 0xa7aa, 0x266, 0xa7ab, 0x25c, 0xa7ac, 0x261, 0xa7ad, 0x26c, 0xa7ae, 0x26a,
  0xa7b0, 0x29e, 0xa7b1, 0x287, 0xa7b2, 0x29d, 0xa7b3, 0xab53, 0xa7b4, 0xa7b5, 0xa7b6, 0xa7b7,
  0xa7b8, 0xa7b9, 0xa7ba, 0xa7bb, 0xa7bc, 0xa7bd, 0xa7be, 0xa7bf, 0xa7c0, 0xa7c1, 0xa7c2, 0xa7c3,
  0xa7c4, 0xa794, 0xa7c5, 0x282, 0xa7c6, 0x1d8e, 0xa7c7, 0xa7c8, 0xa7c9, 0xa7ca, 0xa7cb, 0x264,
  0xa7cc, 0xa7cd, 0xa7d0, 0xa7d1, 0xa7d6, 0xa7d7, 0xa7d8, 0xa7d9, 0xa7da, 0xa7db, 0xa7dc, 0x19b,
  0xa7f5, 0xa7f6, 0xfb06, 0xfb05, 0xff21, 0xff41, 0xff22, 0xff42, 0xff23, 0xff43, 0xff24, 0xff44,
  0xff25, 0xff45, 0xff26, 0xff46, 0xff27, 0xff47, 0xff28, 0xff48, 0xff29, 0xff49, 0xff2a, 0xff4a,
  0xff2b, 0xff4b, 0xff2c, 0xff4c, 0xff2d, 0xff4d, 0xff2e, 0xff4e, 0xff2f, 0xff4f, 0xff30, 0xff50,
  0xff31, 0xff51, 0xff32, 0xff52, 0xff33, 0xff53, 0xff34, 0xff54, 0xff35, 0xff55, 0xff36, 0xff56,
  0xff37, 0xff57, 0xff38, 0xff58, 0xff39, 0xff59, 0xff3a, 0xff5a, 0x10400, 0x10428, 0x10401, 0x10429,
  0x10402, 0x1042a, 0x10403, 0x1042b, 0x10404, 0x1042c, 0x10405, 0x1042d, 0x10406, 0x1042e, 0x10407, 0x1042f,
  0x10408, 0x10430, 0x10409, 0x10431, 0x1040a, 0x10432, 0x1040b, 0x10433, 0x1040c, 0x10434, 0x1040d, 0x10435,
  0x1040e, 0x10436, 0x1040f, 0x10437, 0x10410, 0x10438, 0x10411, 0x10439, 0x10412, 0x1043a, 0x10413, 0x1043b,
  0x10414, 0x1043c, 0x10415, 0x1043d, 0x10416, 0x1043e, 0x10417, 0x1043f, 0x10418, 0x10440, 0x10419, 0x10441,
  0x1041a, 0x10442, 0x1041b, 0x10443, 0x1041c, 0x10444, 0x1041d, 0x10445, 0x1041e, 0x10446, 0x1041f, 0x10447,
  0x10420, 0x10448, 0x10421, 0x10449, 0x10422, 0x1044a, 0x10423, 0x1044b, 0x10424, 0x1044c, 0x10425, 0x1044d,
  0x10426, 0x1044e, 0x10427, 0x1044f, 0x104b0, 0x104d8, 0x104b1, 0x104d9, 0x104b2, 0x104da, 0x104b3, 0x104db,
  0x104b4, 0x104dc, 0x104b5, 0x104dd, 0x104b6, 0x104de, 0x104b7, 0x104df, 0x104b8, 0x104e0, 0x104b9, 0x104e1,
  0x104ba, 0x104e2, 0x104bb, 0x104e3, 0x104bc, 0x104e4, 0x104bd, 0x104e5, 0x104be, 0x104e6, 0x104bf, 0x104e7,
  0x104c0, 0x104e8, 0x104c1, 0x104e9, 0x104c2, 0x104ea, 0x104c3, 0x104eb, 0x104c4, 0x104ec, 0x104c5, 0x104ed,
  0x104c6, 0x104ee, 0x104c7, 0x104ef, 0x104c8, 0x104f0, 0x104c9, 0x104f1, 0x104ca, 0x104f2, 0x104cb, 0x104f3,
  0x104cc, 0x104f4, 0x104cd, 0x104f5, 0x104ce, 0x104f6, 0x104cf, 0x104f7, 0x104d0, 0x104f8, 0x104d1, 0x104f9,
  0x104d2, 0x104fa, 0x104d3, 0x104fb, 0x10570, 0x10597, 0x10571, 0x10598, 0x10572, 0x10599, 0x10573, 0x1059a,
  0x10574, 0x1059b, 0x10575, 0x1059c, 0x10576, 0x1059d, 0x10577, 0x1059e, 0x10578, 0x1059f, 0x10579, 0x105a0,
  0x1057a, 0x105a1, 0x1057c, 0x105a3, 0x1057d, 0x105a4, 0x1057e, 0x105a5, 0x1057f, 0x105a6, 0x10580, 0x105a7,
  0x10581, 0x105a8, 0x10582, 0x105a9, 0x10583, 0x105aa, 0x10584, 0x105ab, 0x10585, 0x105ac, 0x10586, 0x105ad,
  0x10587, 0x105ae, 0x10588, 0x105af, 0x10589, 0x105b0, 0x1058a, 0x105b1, 0x1058c, 0x105b3, 0x1058d, 0x105b4,
  0x1058e, 0x105b5, 0x1058f, 0x105b6, 0x10590, 0x105b7, 0x10591, 0x105b8, 0x10592, 0x105b9, 0x10594, 0x105bb,
  0x10595, 0x105bc, 0x10c80, 0x10cc0, 0x10c81, 0x10cc1, 0x10c82, 0x10cc2, 0x10c83, 0x10cc3, 0x10c84, 0x10cc4,
  0x10c85, 0x10cc5, 0x10c86, 0x10cc6, 0x10c87, 0x10cc7, 0x10c88, 0x10cc8, 0x10c89, 0x10cc9, 0x10c8a, 0x10cca,
  0x10c8b, 0x10ccb, 0x10c8c, 0x10ccc, 0x10c8d, 0x10ccd, 0x10c8e, 0x10cce, 0x10c8f, 0x10ccf, 0x10c90, 0x10cd0,
  0x10c91, 0x10cd1, 0x10c92, 0x10cd2, 0x10c93, 0x10cd3, 0x10c94, 0x10cd4, 0x10c95, 0x10cd5, 0x10c96, 0x10cd6,
  0x10c97, 0x10cd7, 0x10c98, 0x10cd8, 0x10c99, 0x10cd9, 0x10c9a, 0x10cda, 0x10c9b, 0x10cdb, 0x10c9c, 0x10cdc,
  0x10c9d, 0x10cdd, 0x10c9e, 0x10cde, 0x10c9f, 0x10cdf, 0x10ca0, 0x10ce0, 0x10ca1, 0x10ce1, 0x10ca2, 0x10ce2,
  0x10ca3, 0x10ce3, 0x10ca4, 0x10ce4, 0x10ca5, 0x10ce5, 0x10ca6, 0x10ce6, 0x10ca7, 0x10ce7, 0x10ca8, 0x10ce8,
  0x10ca9, 0x10ce9, 0x10caa, 0x10cea, 0x10cab, 0x10ceb, 0x10cac, 0x10cec, 0x10cad, 0x10ced, 0x10cae, 0x10cee,
  0x10caf, 0x10cef, 0x10cb0, 0x10cf0, 0x10cb1, 0x10cf1, 0x10cb2, 0x10cf2, 0x10d50, 0x10d70, 0x10d51, 0x10d71,
  0x10d52, 0x10d72, 0x10d53, 0x10d73, 0x10d54, 0x10d74, 0x10d55, 0x10d75, 0x10d56, 0x10d76, 0x10d57, 0x10d77,
  0x10d58, 0x10d78, 0x10d59, 0x10d79, 0x10d5a, 0x10d7a, 0x10d5b, 0x10d7b, 0x10d5c, 0x10d7c, 0x10d5d, 0x10d7d,
  0x10d5e, 0x10d7e, 0x10d5f, 0x10d7f, 0x10d60, 0x10d80, 0x10d61, 0x10d81, 0x10d62, 0x10d82, 0x10d63, 0x10d83,
  0x10d64, 0x10d84, 0x10d65, 0x10d85, 0x118a0, 0x118c0, 0x118a1, 0x118c1, 0x118a2, 0x118c2, 0x118a3, 0x118c3,
  0x118a4, 0x118c4, 0x118a5, 0x118c5, 0x118a6, 0x118c6, 0x118a7, 0x118c7, 0x118a8, 0x118c8, 0x118a9, 0x118c9,
  0x118aa, 0x118ca, 0x118ab, 0x118cb, 0x118ac, 0x118cc, 0x118ad, 0x118cd, 0x118ae, 0x118ce, 0x118af, 0x118cf,
  0x118b0, 0x118d0, 0x118b1, 0x118d1, 0x118b2, 0x118d2, 0x118b3, 0x118d3, 0x118b4, 0x118d4, 0x118b5, 0x118d5,
  0x118b6, 0x118d6, 0x118b7, 0x118d7, 0x118b8, 0x118d8, 0x118b9, 0x118d9, 0x118ba, 0x118da, 0x118bb, 0x118db,
  0x118bc, 0x118dc, 0x118bd, 0x118dd, 0x118be, 0x118de, 0x118bf, 0x118df, 0x16e40, 0x16e60, 0x16e41, 0x16e61,
  0x16e42, 0x16e62, 0x16e43, 0x16e63, 0x16e44, 0x16e64, 0x16e45, 0x16e65, 0x16e46, 0x16e66, 0x16e47, 0x16e67,
  0x16e48, 0x16e68, 0x16e49, 0x16e69, 0x16e4a, 0x16e6a, 0x16e4b, 0x16e6b, 0x16e4c, 0x16e6c, 0x16e4d, 0x16e6d,
  0x16e4e, 0x16e6e, 0x16e4f, 0x16e6f, 0x16e50, 0x16e70, 0x16e51, 0x16e71, 0x16e52, 0x16e72, 0x16e53, 0x16e73,
  0x16e54, 0x16e74, 0x16e55, 0x16e75, 0x16e56, 0x16e76, 0x16e57, 0x16e77, 0x16e58, 0x16e78, 0x16e59, 0x16e79,
  0x16e5a, 0x16e7a, 0x16e5b, 0x16e7b, 0x16e5c, 0x16e7c, 0x16e5d, 0x16e7d, 0x16e5e, 0x16e7e, 0x16e5f, 0x16e7f,
  0x1e900, 0x1e922, 0x1e901, 0x1e923, 0x1e902, 0x1e924, 0x1e903, 0x1e925, 0x1e904, 0x1e926, 0x1e905, 0x1e927,
  0x1e906, 0x1e928, 0x1e907, 0x1e929, 0x1e908, 0x1e92a, 0x1e909, 0x1e92b, 0x1e90a, 0x1e92c, 0x1e90b, 0x1e92d,
  0x1e90c, 0x1e92e, 0x1e90d, 0x1e92f, 0x1e90e, 0x1e930, 0x1e90f, 0x1e931, 0x1e910, 0x1e932, 0x1e911, 0x1e933,
  0x1e912, 0x1e934, 0x1e913, 0x1e935, 0x1e914, 0x1e936, 0x1e915, 0x1e937, 0x1e916, 0x1e938, 0x1e917, 0x1e939,
  0x1e918, 0x1e93a, 0x1e919, 0x1e93b, 0x1e91a, 0x1e93c, 0x1e91b, 0x1e93d, 0x1e91c, 0x1e93e, 0x1e91d, 0x1e93f,
  0x1e91e, 0x1e940, 0x1e91f, 0x1e941, 0x1e920, 0x1e942, 0x1e921, 0x1e943,
};
static constexpr uint32_t kDecompose[] = {
  0xc0, 0x41, 0x300, 0xc1, 0x41, 0x301, 0xc2, 0x41, 0x302, 0xc3, 0x41, 0x303,
  0xc4, 0x41, 0x308, 0xc5, 0x41, 0x30a, 0xc7, 0x43, 0x327, 0xc8, 0x45, 0x300,
  0xc9, 0x45, 0x301, 0xca, 0x45, 0x302, 0xcb, 0x45, 0x308, 0xcc, 0x49, 0x300,
  0xcd, 0x49, 0x301, 0xce, 0x49, 0x302, 0xcf, 0x49, 0x308, 0xd1, 0x4e, 0x303,
  0xd2, 0x4f, 0x300, 0xd3, 0x4f, 0x301, 0xd4, 0x4f, 0x302, 0xd5, 0x4f, 0x303,
  0xd6, 0x4f, 0x308, 0xd9, 0x55, 0x300, 0xda, 0x55, 0x301, 0xdb, 0x55, 0x302,
  0xdc, 0x55, 0x308, 0xdd, 0x59, 0x301, 0xe0, 0x61, 0x300, 0xe1, 0x61, 0x301,
  0xe2, 0x61, 0x302, 0xe3, 0x61, 0x303, 0xe4, 0x61, 0x308, 0xe5, 0x61, 0x30a,
  0xe7, 0x63, 0x327, 0xe8, 0x65, 0x300, 0xe9, 0x65, 0x301, 0xea, 0x65, 0x302,
  0xeb, 0x65, 0x308, 0xec, 0x69, 0x300, 0xed, 0x69, 0x301, 0xee, 0x69, 0x302,
  0xef, 0x69, 0x308, 0xf1, 0x6e, 0x303, 0xf2, 0x6f, 0x300, 0xf3, 0x6f, 0x301,
  0xf4, 0x6f, 0x302, 0xf5, 0x6f, 0x303, 0xf6, 0x6f, 0x308, 0xf9, 0x75, 0x300,
  0xfa, 0x75, 0x301, 0xfb, 0x75, 0x302, 0xfc, 0x75, 0x308, 0xfd, 0x79, 0x301,
  0xff, 0x79, 0x308, 0x100, 0x41, 0x304, 0x101, 0x61, 0x304, 0x102, 0x41, 0x306,
  0x103, 0x61, 0x306, 0x104, 0x41, 0x328, 0x105, 0x61, 0x328, 0x106, 0x43, 0x301,
  0x107, 0x63, 0x301, 0x108, 0x43, 0x302, 0x109, 0x63, 0x302, 0x10a, 0x43, 0x307,
  0x10b, 0x63, 0x307, 0x10c, 0x43, 0x30c, 0x10d, 0x63, 0x30c, 0x10e, 0x44, 0x30c,
  0x10f, 0x64, 0x30c, 0x112, 0x45, 0x304, 0x113, 0x65, 0x304, 0x114, 0x45, 0x306,
  0x115, 0x65, 0x306, 0x116, 0x45, 0x307, 0x117, 0x65, 0x307, 0x118, 0x45, 0x328,
  0x119, 0x65, 0x328, 0x11a, 0x45, 0x30c, 0x11b, 0x65, 0x30c, 0x11c, 0x47, 0x302,
  0x11d, 0x67, 0x302, 0x11e, 0x47, 0x306, 0x11f, 0x67, 0x306, 0x120, 0x47, 0x307,
  0x121, 0x67, 0x307, 0x122, 0x47, 0x327, 0x123, 0x67, 0x327, 0x124, 0x48, 0x302,
  0x125, 0x68, 0x302, 0x128, 0x49, 0x303, 0x129, 0x69, 0x303, 0x12a, 0x49, 0x304,
  0x12b, 0x69, 0x304, 0x12c, 0x49, 0x306, 0x12d, 0x69, 0x306, 0x12e, 0x49, 0x328,
  0x12f, 0x69, 0x328, 0x130, 0x49, 0x307, 0x134, 0x4a, 0x302, 0x135, 0x6a, 0x302,
  0x136, 0x4b, 0x327, 0x137, 0x6b, 0x327, 0x139, 0x4c, 0x301, 0x13a, 0x6c, 0x301,
  0x13b, 0x4c, 0x327, 0x13c, 0x6c, 0x327, 0x13d, 0x4c, 0x30c, 0x13e, 0x6c, 0x30c,
  0x143, 0x4e, 0x301, 0x144, 0x6e, 0x301, 0x145, 0x4e, 0x327, 0x146, 0x6e, 0x327,
  0x147, 0x4e, 0x30c, 0x148, 0x6e, 0x30c, 0x14c, 0x4f, 0x304, 0x14d, 0x6f, 0x304,
  0x14e, 0x4f, 0x306, 0x14f, 0x6f, 0x306, 0x150, 0x4f, 0x30b, 0x151, 0x6f, 0x30b,
  0x154, 0x52, 0x301, 0x155, 0x72, 0x301, 0x156, 0x52, 0x327, 0x157, 0x72, 0x327,
  0x158, 0x52, 0x30c, 0x159, 0x72, 0x30c, 0x15a, 0x53, 0x301, 0x15b, 0x73, 0x301,
  0x15c, 0x53, 0x302, 0x15d, 0x73, 0x302, 0x15e, 0x53, 0x327, 0x15f, 0x73, 0x327,
  0x160, 0x53, 0x30c, 0x161, 0x73, 0x30c, 0x162, 0x54, 0x327, 0x163, 0x74, 0x327,
  0x164, 0x54, 0x30c, 0x165, 0x74, 0x30c, 0x168, 0x55, 0x303, 0x169, 0x75, 0x303,
  0x16a, 0x55, 0x304, 0x16b, 0x75, 0x304, 0x16c, 0x55, 0x306, 0x16d, 0x75, 0x306,
  0x16e, 0x55, 0x30a, 0x16f, 0x75, 0x30a, 0x170, 0x55, 0x30b, 0x171, 0x75, 0x30b,
  0x172, 0x55, 0x328, 0x173, 0x75, 0x328, 0x174, 0x57, 0x302, 0x175, 0x77, 0x302,
  0x176, 0x59, 0x302, 0x177, 0x79, 0x302, 0x178, 0x59, 0x308, 0x179, 0x5a, 0x301,
  0x17a, 0x7a, 0x301, 0x17b, 0x5a, 0x307, 0x17c, 0x7a, 0x307, 0x17d, 0x5a, 0x30c,
  0x17e, 0x7a, 0x30c, 0x1a0, 0x4f, 0x31b, 0x1a1, 0x6f, 0x31b, 0x1af, 0x55, 0x31b,
  0x1b0, 0x75, 0x31b, 0x1cd, 0x41, 0x30c, 0x1ce, 0x61, 0x30c, 0x1cf, 0x49, 0x30c,
  0x1d0, 0x69, 0x30c, 0x1d1, 0x4f, 0x30c, 0x1d2, 0x6f, 0x30c, 0x1d3, 0x55, 0x30c,
  0x1d4, 0x75, 0x30c, 0x1d5, 0xdc, 0x304, 0x1d6, 0xfc, 0x304, 0x1d7, 0xdc, 0x301,
  0x1d8, 0xfc, 0x301, 0x1d9, 0xdc, 0x30c, 0x1da, 0xfc, 0x30c, 0x1db, 0xdc, 0x300,
  0x1dc, 0xfc, 0x300, 0x1de, 0xc4, 0x304, 0x1df, 0xe4, 0x304, 0x1e0, 0x226, 0x304,
  0x1e1, 0x227, 0x304, 0x1e2, 0xc6, 0x304, 0x1e3, 0xe6, 0x304, 0x1e6, 0x47, 0x30c,
  0x1e7, 0x67, 0x30c, 0x1e8, 0x4b, 0x30c, 0x1e9, 0x6b, 0x30c, 0x1ea, 0x4f, 0x328,
  0x1eb, 0x6f, 0x328, 0x1ec, 0x1ea, 0x304, 0x1ed, 0x1eb, 0x304, 0x1ee, 0x1b7, 0x30c,
  0x1ef, 0x292, 0x30c, 0x1f0, 0x6a, 0x30c, 0x1f4, 0x47, 0x301, 0x1f5, 0x67, 0x301,
  0x1f8, 0x4e, 0x300, 0x1f9, 0x6e, 0x300, 0x1fa, 0xc5, 0x301, 0x1fb, 0xe5, 0x301,
  0x1fc, 0xc6, 0x301, 0x1fd, 0xe6, 0x301, 0x1fe, 0xd8, 0x301, 0x1ff, 0xf8, 0x301,
  0x200, 0x41, 0x30f, 0x201, 0x61, 0x30f, 0x202, 0x41, 0x311, 0x203, 0x61, 0x311,
  0x204, 0x45, 0x30f, 0x205, 0x65, 0x30f, 0x206, 0x45, 0x311, 0x207, 0x65, 0x311,
  0x208, 0x49, 0x30f, 0x209, 0x69, 0x30f, 0x20a, 0x49, 0x311, 0x20b, 0x69, 0x311,
  0x20c, 0x4f, 0x30f, 0x20d, 0x6f, 0x30f, 0x20e, 0x4f, 0x311, 0x20f, 0x6f, 0x311,
  0x210, 0x52, 0x30f, 0x211, 0x72, 0x30f, 0x212, 0x52, 0x311, 0x213, 0x72, 0x311,
  0x214, 0x55, 0x30f, 0x215, 0x75, 0x30f, 0x216, 0x55, 0x311, 0x217, 0x75, 0x311,
  0x218, 0x53, 0x326, 0x219, 0x73, 0x326, 0x21a, 0x54, 0x326, 0x21b, 0x74, 0x326,
  0x21e, 0x48, 0x30c, 0x21f, 0x68, 0x30c, 0x226, 0x41, 0x307, 0x227, 0x61, 0x307,
  0x228, 0x45, 0x327, 0x229, 0x65, 0x327, 0x22a, 0xd6, 0x304, 0x22b, 0xf6, 0x304,
  0x22c, 0xd5, 0x304, 0x22d, 0xf5, 0x304, 0x22e, 0x4f, 0x307, 0x22f, 0x6f, 0x307,
  0x230, 0x22e, 0x304, 0x231, 0x22f, 0x304, 0x232, 0x59, 0x304, 0x233, 0x79, 0x304,
  0x340, 0x300, 0x0, 0x341, 0x301, 0x0, 0x343, 0x313, 0x0, 0x344, 0x308, 0x301,
  0x374, 0x2b9, 0x0, 0x37e, 0x3b, 0x0, 0x385, 0xa8, 0x301, 0x386, 0x391, 0x301,
  0x387, 0xb7, 0x0, 0x388, 0x395, 0x301, 0x389, 0x397, 0x301, 0x38a, 0x399, 0x301,
  0x38c, 0x39f, 0x301, 0x38e, 0x3a5, 0x301, 0x38f, 0x3a9, 0x301, 0x390, 0x3ca, 0x301,
  0x3aa, 0x399, 0x308, 0x3ab, 0x3a5, 0x308, 0x3ac, 0x3b1, 0x301, 0x3ad, 0x3b5, 0x301,
  0x3ae, 0x3b7, 0x301, 0x3af, 0x3b9, 0x301, 0x3b0, 0x3cb, 0x301, 0x3ca, 0x3b9, 0x308,
  0x3cb, 0x3c5, 0x308, 0x3cc, 0x3bf, 0x301, 0x3cd, 0x3c5, 0x301, 0x3ce, 0x3c9, 0x301,
  0x3d3, 0x3d2, 0x301, 0x3d4, 0x3d2, 0x308, 0x400, 0x415, 0x300, 0x401, 0x415, 0x308,
  0x403, 0x413, 0x301, 0x407, 0x406, 0x308, 0x40c, 0x41a, 0x301, 0x40d, 0x418, 0x300,
  0x40e, 0x423, 0x306, 0x419, 0x418, 0x306, 0x439, 0x438, 0x306, 0x450, 0x435, 0x300,
  0x451, 0x435, 0x308, 0x453, 0x433, 0x301, 0x457, 0x456, 0x308, 0x45c, 0x43a, 0x301,
  0x45d, 0x438, 0x300, 0x45e, 0x443, 0x306, 0x476, 0x474, 0x30f, 0x477, 0x475, 0x30f,
  0x4c1, 0x416, 0x306, 0x4c2, 0x436, 0x306, 0x4d0, 0x410, 0x306, 0x4d1, 0x430, 0x306,
  0x4d2, 0x410, 0x308, 0x4d3, 0x430, 0x308, 0x4d6, 0x415, 0x306, 0x4d7, 0x435, 0x306,
  0x4da, 0x4d8, 0x308, 0x4db, 0x4d9, 0x308, 0x4dc, 0x416, 0x308, 0x4dd, 0x436, 0x308,
  0x4de, 0x417, 0x308, 0x4df, 0x437, 0x308, 0x4e2, 0x418, 0x304, 0x4e3, 0x438, 0x304,
  0x4e4, 0x418, 0x308, 0x4e5, 0x438, 0x308, 0x4e6, 0x41e, 0x308, 0x4e7, 0x43e, 0x308,
  0x4ea, 0x4e8, 0x308, 0x4eb, 0x4e9, 0x308, 0x4ec, 0x42d, 0x308, 0x4ed, 0x44d, 0x308,
  0x4ee, 0x423, 0x304, 0x4ef, 0x443, 0x304, 0x4f0, 0x423, 0x308, 0x4f1, 0x443, 0x308,
  0x4f2, 0x423, 0x30b, 0x4f3, 0x443, 0x30b, 0x4f4, 0x427, 0x308, 0x4f5, 0x447, 0x308,
  0x4f8, 0x42b, 0x308, 0x4f9, 0x44b, 0x308, 0x622, 0x627, 0x653, 0x623, 0x627, 0x654,
  0x624, 0x648, 0x654, 0x625, 0x627, 0x655, 0x626, 0x64a, 0x654, 0x6c0, 0x6d5, 0x654,
  0x6c2, 0x6c1, 0x654, 0x6d3, 0x6d2, 0x654, 0x929, 0x928, 0x93c, 0x931, 0x930, 0x93c,
  0x934, 0x933, 0x93c, 0x958, 0x915, 0x93c, 0x959, 0x916, 0x93c, 0x95a, 0x917, 0x93c,
  0x95b, 0x91c, 0x93c, 0x95c, 0x921, 0x93c, 0x95d, 0x922, 0x93c, 0x95e, 0x92b, 0x93c,
  0x95f, 0x92f, 0x93c, 0x9cb, 0x9c7, 0x9be, 0x9cc, 0x9c7, 0x9d7, 0x9dc, 0x9a1, 0x9bc,
  0x9dd, 0x9a2, 0x9bc, 0x9df, 0x9af, 0x9bc, 0xa33, 0xa32, 0xa3c, 0xa36, 0xa38, 0xa3c,
  0xa59, 0xa16, 0xa3c, 0xa5a, 0xa17, 0xa3c, 0xa5b, 0xa1c, 0xa3c, 0xa5e, 0xa2b, 0xa3c,
  0xb48, 0xb47, 0xb56, 0xb4b, 0xb47, 0xb3e, 0xb4c, 0xb47, 0xb57, 0xb5c, 0xb21, 0xb3c,
  0xb5d, 0xb22, 0xb3c, 0xb94, 0xb92, 0xbd7, 0xbca, 0xbc6, 0xbbe, 0xbcb, 0xbc7, 0xbbe,
  0xbcc, 0xbc6, 0xbd7, 0xc48, 0xc46, 0xc56, 0xcc0, 0xcbf, 0xcd5, 0xcc7, 0xcc6, 0xcd5,
  0xcc8, 0xcc6, 0xcd6, 0xcca, 0xcc6, 0xcc2, 0xccb, 0xcca, 0xcd5, 0xd4a, 0xd46, 0xd3e,
  0xd4b, 0xd47, 0xd3e, 0xd4c, 0xd46, 0xd57, 0xdda, 0xdd9, 0xdca, 0xddc, 0xdd9, 0xdcf,
  0xddd, 0xddc, 0xdca, 0xdde, 0xdd9, 0xddf, 0xf43, 0xf42, 0xfb7, 0xf4d, 0xf4c, 0xfb7,
  0xf52, 0xf51, 0xfb7, 0xf57, 0xf56, 0xfb7, 0xf5c, 0xf5b, 0xfb7, 0xf69, 0xf40, 0xfb5,
  0xf73, 0xf71, 0xf72, 0xf75, 0xf71, 0xf74, 0xf76, 0xfb2, 0xf80, 0xf78, 0xfb3, 0xf80,
  0xf81, 0xf71, 0xf80, 0xf93, 0xf92, 0xfb7, 0xf9d, 0xf9c, 0xfb7, 0xfa2, 0xfa1, 0xfb7,
  0xfa7, 0xfa6, 0xfb7, 0xfac, 0xfab, 0xfb7, 0xfb9, 0xf90, 0xfb5, 0x1026, 0x1025, 0x102e,
  0x1b06, 0x1b05, 0x1b35, 0x1b08, 0x1b07, 0x1b35, 0x1b0a, 0x1b09, 0x1b35, 0x1b0c, 0x1b0b, 0x1b35,
  0x1b0e, 0x1b0d, 0x1b35, 0x1b12, 0x1b11, 0x1b35, 0x1b3b, 0x1b3a, 0x1b35, 0x1b3d, 0x1b3c, 0x1b35,
  0x1b40, 0x1b3e, 0x1b35, 0x1b41, 0x1b3f, 0x1b35, 0x1b43, 0x1b42, 0x1b35, 0x1e00, 0x41, 0x325,
  0x1e01, 0x61, 0x325, 0x1e02, 0x42, 0x307, 0x1e03, 0x62, 0x307, 0x1e04, 0x42, 0x323,
  0x1e05, 0x62, 0x323, 0x1e06, 0x42, 0x331, 0x1e07, 0x62, 0x331, 0x1e08, 0xc7, 0x301,
  0x1e09, 0xe7, 0x301, 0x1e0a, 0x44, 0x307, 0x1e0b, 0x64, 0x307, 0x1e0c, 0x44, 0x323,
  0x1e0d, 0x64, 0x323, 0x1e0e, 0x44, 0x331, 0x1e0f, 0x64, 0x331, 0x1e10, 0x44, 0x327,
  0x1e11, 0x64, 0x327, 0x1e12, 0x44, 0x32d, 0x1e13, 0x64, 0x32d, 0x1e14, 0x112, 0x300,
  0x1e15, 0x113, 0x300, 0x1e16, 0x112, 0x301, 0x1e17, 0x113, 0x301, 0x1e18, 0x45, 0x32d,
  0x1e19, 0x65, 0x32d, 0x1e1a, 0x45, 0x330, 0x1e1b, 0x65, 0x330, 0x1e1c, 0x228, 0x306,
  0x1e1d, 0x229, 0x306, 0x1e1e, 0x46, 0x307, 0x1e1f, 0x66, 0x307, 0x1e20, 0x47, 0x304,
  0x1e21, 0x67, 0x304, 0x1e22, 0x48, 0x307, 0x1e23, 0x68, 0x307, 0x1e24, 0x48, 0x323,
  0x1e25, 0x68, 0x323, 0x1e26, 0x48, 0x308, 0x1e27, 0x68, 0x308, 0x1e28, 0x48, 0x327,
  0x1e29, 0x68, 0x327, 0x1e2a, 0x48, 0x32e, 0x1e2b, 0x68, 0x32e, 0x1e2c, 0x49, 0x330,
  0x1e2d, 0x69, 0x330, 0x1e2e, 0xcf, 0x301, 0x1e2f, 0xef, 0x301, 0x1e30, 0x4b, 0x301,
  0x1e31, 0x6b, 0x301, 0x1e32, 0x4b, 0x323, 0x1e33, 0x6b, 0x323, 0x1e34, 0x4b, 0x331,
  0x1e35, 0x6b, 0x331, 0x1e36, 0x4c, 0x323, 0x1e37, 0x6c, 0x323, 0x1e38, 0x1e36, 0x304,
  0x1e39, 0x1e37, 0x304, 0x1e3a, 0x4c, 0x331, 0x1e3b, 0x6c, 0x331, 0x1e3c, 0x4c, 0x32d,
  0x1e3d, 0x6c, 0x32d, 0x1e3e, 0x4d, 0x301, 0x1e3f, 0x6d, 0x301, 0x1e40, 0x4d, 0x307,
  0x1e41, 0x6d, 0x307, 0x1e42, 0x4d, 0x323, 0x1e43, 0x6d, 0x323, 0x1e44, 0x4e, 0x307,
  0x1e45, 0x6e, 0x307, 0x1e46, 0x4e, 0x323, 0x1e47, 0x6e, 0x323, 0x1e48, 0x4e, 0x331,
  0x1e49, 0x6e, 0x331, 0x1e4a, 0x4e, 0x32d, 0x1e4b, 0x6e, 0x32d, 0x1e4c, 0xd5, 0x301,
  0x1e4d, 0xf5, 0x301, 0x1e4e, 0xd5, 0x308, 0x1e4f, 0xf5, 0x308, 0x1e50, 0x14c, 0x300,
  0x1e51, 0x14d, 0x300, 0x1e52, 0x14c, 0x301, 0x1e53, 0x14d, 0x301, 0x1e54, 0x50, 0x301,
  0x1e55, 0x70, 0x301, 0x1e56, 0x50, 0x307, 0x1e57, 0x70, 0x307, 0x1e58, 0x52, 0x307,
  0x1e59, 0x72, 0x307, 0x1e5a, 0x52, 0x323, 0x1e5b, 0x72, 0x323, 0x1e5c, 0x1e5a, 0x304,
  0x1e5d, 0x1e5b, 0x304, 0x1e5e, 0x52, 0x331, 0x1e5f, 0x72, 0x331, 0x1e60, 0x53, 0x307,
  0x1e61, 0x73, 0x307, 0x1e62, 0x53, 0x323, 0x1e63, 0x73, 0x323, 0x1e64, 0x15a, 0x307,
  0x1e65, 0x15b, 0x307, 0x1e66, 0x160, 0x307, 0x1e67, 0x161, 0x307, 0x1e68, 0x1e62, 0x307,
  0x1e69, 0x1e63, 0x307, 0x1e6a, 0x54, 0x307, 0x1e6b, 0x74, 0x307, 0x1e6c, 0x54, 0x323,
  0x1e6d, 0x74, 0x323, 0x1e6e, 0x54, 0x331, 0x1e6f, 0x74, 0x331, 0x1e70, 0x54, 0x32d,
  0x1e71, 0x74, 0x32d, 0x1e72, 0x55, 0x324, 0x1e73, 0x75, 0x324, 0x1e74, 0x55, 0x330,
  0x1e75, 0x75, 0x330, 0x1e76, 0x55, 0x32d, 0x1e77, 0x75, 0x32d, 0x1e78, 0x168, 0x301,
  0x1e79, 0x169, 0x301, 0x1e7a, 0x16a, 0x308, 0x1e7b, 0x16b, 0x308, 0x1e7c, 0x56, 0x303,
  0x1e7d, 0x76, 0x303, 0x1e7e, 0x56, 0x323, 0x1e7f, 0x76, 0x323, 0x1e80, 0x57, 0x300,
  0x1e81, 0x77, 0x300, 0x1e82, 0x57, 0x301, 0x1e83, 0x77, 0x301, 0x1e84, 0x57, 0x308,
  0x1e85, 0x77, 0x308, 0x1e86, 0x57, 0x307, 0x1e87, 0x77, 0x307, 0x1e88, 0x57, 0x323,
  0x1e89, 0x77, 0x323, 0x1e8a, 0x58, 0x307, 0x1e8b, 0x78, 0x307, 0x1e8c, 0x58, 0x308,
  0x1e8d, 0x78, 0x308, 0x1e8e, 0x59, 0x307, 0x1e8f, 0x79, 0x307, 0x1e90, 0x5a, 0x302,
  0x1e91, 0x7a, 0x302, 0x1e92, 0x5a, 0x323, 0x1e93, 0x7a, 0x323, 0x1e94, 0x5a, 0x331,
  0x1e95, 0x7a, 0x331, 0x1e96, 0x68, 0x331, 0x1e97, 0x74, 0x308, 0x1e98, 0x77, 0x30a,
  0x1e99, 0x79, 0x30a, 0x1e9b, 0x17f, 0x307, 0x1ea0, 0x41, 0x323, 0x1ea1, 0x61, 0x323,
  0x1ea2, 0x41, 0x309, 0x1ea3, 0x61, 0x309, 0x1ea4, 0xc2, 0x301, 0x1ea5, 0xe2, 0x301,
  0x1ea6, 0xc2, 0x300, 0x1ea7, 0xe2, 0x300, 0x1ea8, 0xc2, 0x309, 0x1ea9, 0xe2, 0x309,
  0x1eaa, 0xc2, 0x303, 0x1eab, 0xe2, 0x303, 0x1eac, 0x1ea0, 0x302, 0x1ead, 0x1ea1, 0x302,
  0x1eae, 0x102, 0x301, 0x1eaf, 0x103, 0x301, 0x1eb0, 0x102, 0x300, 0x1eb1, 0x103, 0x300,
  0x1eb2, 0x102, 0x309, 0x1eb3, 0x103, 0x309, 0x1eb4, 0x102, 0x303, 0x1eb5, 0x103, 0x303,
  0x1eb6, 0x1ea0, 0x306, 0x1eb7, 0x1ea1, 0x306, 0x1eb8, 0x45, 0x323, 0x1eb9, 0x65, 0x323,
  0x1eba, 0x45, 0x309, 0x1ebb, 0x65, 0x309, 0x1ebc, 0x45, 0x303, 0x1ebd, 0x65, 0x303,
  0x1ebe, 0xca, 0x301, 0x1ebf, 0xea, 0x301, 0x1ec0, 0xca, 0x300, 0x1ec1, 0xea, 0x300,
  0x1ec2, 0xca, 0x309, 0x1ec3, 0xea, 0x309, 0x1ec4, 0xca, 0x303, 0x1ec5, 0xea, 0x303,
  0x1ec6, 0x1eb8, 0x302, 0x1ec7, 0x1eb9, 0x302, 0x1ec8, 0x49, 0x309, 0x1ec9, 0x69, 0x309,
  0x1eca, 0x49, 0x323, 0x1ecb, 0x69, 0x323, 0x1ecc, 0x4f, 0x323, 0x1ecd, 0x6f, 0x323,
  0x1ece, 0x4f, 0x309, 0x1ecf, 0x6f, 0x309, 0x1ed0, 0xd4, 0x301, 0x1ed1, 0xf4, 0x301,
  0x1ed2, 0xd4, 0x300, 0x1ed3, 0xf4, 0x300, 0x1ed4, 0xd4, 0x309, 0x1ed5, 0xf4, 0x309,
  0x1ed6, 0xd4, 0x303, 0x1ed7, 0xf4, 0x303, 0x1ed8, 0x1ecc, 0x302, 0x1ed9, 0x1ecd, 0x302,
  0x1eda, 0x1a0, 0x301, 0x1edb, 0x1a1, 0x301, 0x1edc, 0x1a0, 0x300, 0x1edd, 0x1a1, 0x300,
  0x1ede, 0x1a0, 0x309, 0x1edf, 0x1a1, 0x309, 0x1ee0, 0x1a0, 0x303, 0x1ee1, 0x1a1, 0x303,
  0x1ee2, 0x1a0, 0x323, 0x1ee3, 0x1a1, 0x323, 0x1ee4, 0x55, 0x323, 0x1ee5, 0x75, 0x323,
  0x1ee6, 0x55, 0x309, 0x1ee7, 0x75, 0x309, 0x1ee8, 0x1af, 0x301, 0x1ee9, 0x1b0, 0x301,
  0x1eea, 0x1af, 0x300, 0x1eeb, 0x1b0, 0x300, 0x1eec, 0x1af, 0x309, 0x1eed, 0x1b0, 0x309,
  0x1eee, 0x1af, 0x303, 0x1eef, 0x1b0, 0x303, 0x1ef0, 0x1af, 0x323, 0x1ef1, 0x1b0, 0x323,
  0x1ef2, 0x59, 0x300, 0x1ef3, 0x79, 0x300, 0x1ef4, 0x59, 0x323, 0x1ef5, 0x79, 0x323,
  0x1ef6, 0x59, 0x309, 0x1ef7, 0x79, 0x309, 0x1ef8, 0x59, 0x303, 0x1ef9, 0x79, 0x303,
  0x1f00, 0x3b1, 0x313, 0x1f01, 0x3b1, 0x314, 0x1f02, 0x1f00, 0x300, 0x1f03, 0x1f01, 0x300,
  0x1f04, 0x1f00, 0x301, 0x1f05, 0x1f01, 0x301, 0x1f06, 0x1f00, 0x342, 0x1f07, 0x1f01, 0x342,
  0x1f08, 0x391, 0x313, 0x1f09, 0x391, 0x314, 0x1f0a, 0x1f08, 0x300, 0x1f0b, 0x1f09, 0x300,
  0x1f0c, 0x1f08, 0x301, 0x1f0d, 0x1f09, 0x301, 0x1f0e, 0x1f08, 0x342, 0x1f0f, 0x1f09, 0x342,
  0x1f10, 0x3b5, 0x313, 0x1f11, 0x3b5, 0x314, 0x1f12, 0x1f10, 0x300, 0x1f13, 0x1f11, 0x300,
  0x1f14, 0x1f10, 0x301, 0x1f15, 0x1f11, 0x301, 0x1f18, 0x395, 0x313, 0x1f19, 0x395, 0x314,
  0x1f1a, 0x1f18, 0x300, 0x1f1b, 0x1f19, 0x300, 0x1f1c, 0x1f18, 0x301, 0x1f1d, 0x1f19, 0x301,
  0x1f20, 0x3b7, 0x313, 0x1f21, 0x3b7, 0x314, 0x1f22, 0x1f20, 0x300, 0x1f23, 0x1f21, 0x300,
  0x1f24, 0x1f20, 0x301, 0x1f25, 0x1f21, 0x301, 0x1f26, 0x1f20, 0x342, 0x1f27, 0x1f21, 0x342,
  0x1f28, 0x397, 0x313, 0x1f29, 0x397, 0x314, 0x1f2a, 0x1f28, 0x300, 0x1f2b, 0x1f29, 0x300,
  0x1f2c, 0x1f28, 0x301, 0x1f2d, 0x1f29, 0x301, 0x1f2e, 0x1f28, 0x342, 0x1f2f, 0x1f29, 0x342,
  0x1f30, 0x3b9, 0x313, 0x1f31, 0x3b9, 0x314, 0x1f32, 0x1f30, 0x300, 0x1f33, 0x1f31, 0x300,
  0x1f34, 0x1f30, 0x301, 0x1f35, 0x1f31, 0x301, 0x1f36, 0x1f30, 0x342, 0x1f37, 0x1f31, 0x342,
  0x1f38, 0x399, 0x313, 0x1f39, 0x399, 0x314, 0x1f3a, 0x1f38, 0x300, 0x1f3b, 0x1f39, 0x300,
  0x1f3c, 0x1f38, 0x301, 0x1f3d, 0x1f39, 0x301, 0x1f3e, 0x1f38, 0x342, 0x1f3f, 0x1f39, 0x342,
  0x1f40, 0x3bf, 0x313, 0x1f41, 0x3bf, 0x314, 0x1f42, 0x1f40, 0x300, 0x1f43, 0x1f41, 0x300,
  0x1f44, 0x1f40, 0x301, 0x1f45, 0x1f41, 0x301, 0x1f48, 0x39f, 0x313, 0x1f49, 0x39f, 0x314,
  0x1f4a, 0x1f48, 0x300, 0x1f4b, 0x1f49, 0x300, 0x1f4c, 0x1f48, 0x301, 0x1f4d, 0x1f49, 0x301,
  0x1f50, 0x3c5, 0x313, 0x1f51, 0x3c5, 0x314, 0x1f52, 0x1f50, 0x300, 0x1f53, 0x1f51, 0x300,
  0x1f54, 0x1f50, 0x301, 0x1f55, 0x1f51, 0x301, 0x1f56, 0x1f50, 0x342, 0x1f57, 0x1f51, 0x342,
  0x1f59, 0x3a5, 0x314, 0x1f5b, 0x1f59, 0x300, 0x1f5d, 0x1f59, 0x301, 0x1f5f, 0x1f59, 0x342,
  0x1f60, 0x3c9, 0x313, 0x1f61, 0x3c9, 0x314, 0x1f62, 0x1f60, 0x300, 0x1f63, 0x1f61, 0x300,
  0x1f64, 0x1f60, 0x301, 0x1f65, 0x1f61, 0x301, 0x1f66, 0x1f60, 0x342, 0x1f67, 0x1f61, 0x342,
  0x1f68, 0x3a9, 0x313, 0x1f69, 0x3a9, 0x314, 0x1f6a, 0x1f68, 0x300, 0x1f6b, 0x1f69, 0x300,
  0x1f6c, 0x1f68, 0x301, 0x1f6d, 0x1f69, 0x301, 0x1f6e, 0x1f68, 0x342, 0x1f6f, 0x1f69, 0x342,
  0x1f70, 0x3b1, 0x300, 0x1f71, 0x3ac, 0x0, 0x1f72, 0x3b5, 0x300, 0x1f73, 0x3ad, 0x0,
  0x1f74, 0x3b7, 0x300, 0x1f75, 0x3ae, 0x0, 0x1f76, 0x3b9, 0x300, 0x1f77, 0x3af, 0x0,
  0x1f78, 0x3bf, 0x300, 0x1f79, 0x3cc, 0x0, 0x1f7a, 0x3c5, 0x300, 0x1f7b, 0x3cd, 0x0,
  0x1f7c, 0x3c9, 0x300, 0x1f7d, 0x3ce, 0x0, 0x1f80, 0x1f00, 0x345, 0x1f81, 0x1f01, 0x345,
  0x1f82, 0x1f02, 0x345, 0x1f83, 0x1f03, 0x345, 0x1f84, 0x1f04, 0x345, 0x1f85, 0x1f05, 0x345,
  0x1f86, 0x1f06, 0x345, 0x1f87, 0x1f07, 0x345, 0x1f88, 0x1f08, 0x345, 0x1f89, 0x1f09, 0x345,
  0x1f8a, 0x1f0a, 0x345, 0x1f8b, 0x1f0b, 0x345, 0x1f8c, 0x1f0c, 0x345, 0x1f8d, 0x1f0d, 0x345,
  0x1f8e, 0x1f0e, 0x345, 0x1f8f, 0x1f0f, 0x345, 0x1f90, 0x1f20, 0x345, 0x1f91, 0x1f21, 0x345,
  0x1f92, 0x1f22, 0x345, 0x1f93, 0x1f23, 0x345, 0x1f94, 0x1f24, 0x345, 0x1f95, 0x1f25, 0x345,
  0x1f96, 0x1f26, 0x345, 0x1f97, 0x1f27, 0x345, 0x1f98, 0x1f28, 0x345, 0x1f99, 0x1f29, 0x345,
  0x1f9a, 0x1f2a, 0x345, 0x1f9b, 0x1f2b, 0x345, 0x1f9c, 0x1f2c, 0x345, 0x1f9d, 0x1f2d, 0x345,
  0x1f9e, 0x1f2e, 0x345, 0x1f9f, 0x1f2f, 0x345, 0x1fa0, 0x1f60, 0x345, 0x1fa1, 0x1f61, 0x345,
  0x1fa2, 0x1f62, 0x345, 0x1fa3, 0x1f63, 0x345, 0x1fa4, 0x1f64, 0x345, 0x1fa5, 0x1f65, 0x345,
  0x1fa6, 0x1f66, 0x345, 0x1fa7, 0x1f67, 0x345, 0x1fa8, 0x1f68, 0x345, 0x1fa9, 0x1f69, 0x345,
  0x1faa, 0x1f6a, 0x345, 0x1fab, 0x1f6b, 0x345, 0x1fac, 0x1f6c, 0x345, 0x1fad, 0x1f6d, 0x345,
  0x1fae, 0x1f6e, 0x345, 0x1faf, 0x1f6f, 0x345, 0x1fb0, 0x3b1, 0x306, 0x1fb1, 0x3b1, 0x304,
  0x1fb2, 0x1f70, 0x345, 0x1fb3, 0x3b1, 0x345, 0x1fb4, 0x3ac, 0x345, 0x1fb6, 0x3b1, 0x342,
  0x1fb7, 0x1fb6, 0x345, 0x1fb8, 0x391, 0x306, 0x1fb9, 0x391, 0x304, 0x1fba, 0x391, 0x300,
  0x1fbb, 0x386, 0x0, 0x1fbc, 0x391, 0x345, 0x1fbe, 0x3b9, 0x0, 0x1fc1, 0xa8, 0x342,
  0x1fc2, 0x1f74, 0x345, 0x1fc3, 0x3b7, 0x345, 0x1fc4, 0x3ae, 0x345, 0x1fc6, 0x3b7, 0x342,
  0x1fc7, 0x1fc6, 0x345, 0x1fc8, 0x395, 0x300, 0x1fc9, 0x388, 0x0, 0x1fca, 0x397, 0x300,
  0x1fcb, 0x389, 0x0, 0x1fcc, 0x397, 0x345, 0x1fcd, 0x1fbf, 0x300, 0x1fce, 0x1fbf, 0x301,
  0x1fcf, 0x1fbf, 0x342, 0x1fd0, 0x3b9, 0x306, 0x1fd1, 0x3b9, 0x304, 0x1fd2, 0x3ca, 0x300,
  0x1fd3, 0x390, 0x0, 0x1fd6, 0x3b9, 0x342, 0x1fd7, 0x3ca, 0x342, 0x1fd8, 0x399, 0x306,
  0x1fd9, 0x399, 0x304, 0x1fda, 0x399, 0x300, 0x1fdb, 0x38a, 0x0, 0x1fdd, 0x1ffe, 0x300,
  0x1fde, 0x1ffe, 0x301, 0x1fdf, 0x1ffe, 0x342, 0x1fe0, 0x3c5, 0x306, 0x1fe1, 0x3c5, 0x304,
  0x1fe2, 0x3cb, 0x300, 0x1fe3, 0x3b0, 0x0, 0x1fe4, 0x3c1, 0x313, 0x1fe5, 0x3c1, 0x314,
  0x1fe6, 0x3c5, 0x342, 0x1fe7, 0x3cb, 0x342, 0x1fe8, 0x3a5, 0x306, 0x1fe9, 0x3a5, 0x304,
  0x1fea, 0x3a5, 0x300, 0x1feb, 0x38e, 0x0, 0x1fec, 0x3a1, 0x314, 0x1fed, 0xa8, 0x300,
  0x1fee, 0x385, 0x0, 0x1fef, 0x60, 0x0, 0x1ff2, 0x1f7c, 0x345, 0x1ff3, 0x3c9, 0x345,
  0x1ff4, 0x3ce, 0x345, 0x1ff6, 0x3c9, 0x342, 0x1ff7, 0x1ff6, 0x345, 0x1ff8, 0x39f, 0x300,
  0x1ff9, 0x38c, 0x0, 0x1ffa, 0x3a9, 0x300, 0x1ffb, 0x38f, 0x0, 0x1ffc, 0x3a9, 0x345,
  0x1ffd, 0xb4, 0x0, 0x2000, 0x2002, 0x0, 0x2001, 0x2003, 0x0, 0x2126, 0x3a9, 0x0,
  0x212a, 0x4b, 0x0, 0x212b, 0xc5, 0x0, 0x219a, 0x2190, 0x338, 0x219b, 0x2192, 0x338,
  0x21ae, 0x2194, 0x338, 0x21cd, 0x21d0, 0x338, 0x21ce, 0x21d4, 0x338, 0x21cf, 0x21d2, 0x338,
  0x2204, 0x2203, 0x338, 0x2209, 0x2208, 0x338, 0x220c, 0x220b, 0x338, 0x2224, 0x2223, 0x338,
  0x2226, 0x2225, 0x338, 0x2241, 0x223c, 0x338, 0x2244, 0x2243, 0x338, 0x2247, 0x2245, 0x338,
  0x2249, 0x2248, 0x338, 0x2260, 0x3d, 0x338, 0x2262, 0x2261, 0x338, 0x226d, 0x224d, 0x338,
  0x226e, 0x3c, 0x338, 0x226f, 0x3e, 0x338, 0x2270, 0x2264, 0x338, 0x2271, 0x2265, 0x338,
  0x2274, 0x2272, 0x338, 0x2275, 0x2273, 0x338, 0x2278, 0x2276, 0x338, 0x2279, 0x2277, 0x338,
  0x2280, 0x227a, 0x338, 0x2281, 0x227b, 0x338, 0x2284, 0x2282, 0x338, 0x2285, 0x2283, 0x338,
  0x2288, 0x2286, 0x338, 0x2289, 0x2287, 0x338, 0x22ac, 0x22a2, 0x338, 0x22ad, 0x22a8, 0x338,
  0x22ae, 0x22a9, 0x338, 0x22af, 0x22ab, 0x338, 0x22e0, 0x227c, 0x338, 0x22e1, 0x227d, 0x338,
  0x22e2, 0x2291, 0x338, 0x22e3, 0x2292, 0x338, 0x22ea, 0x22b2, 0x338, 0x22eb, 0x22b3, 0x338,
  0x22ec, 0x22b4, 0x338, 0x22ed, 0x22b5, 0x338, 0x2329, 0x3008, 0x0, 0x232a, 0x3009, 0x0,
  0x2adc, 0x2add, 0x338, 0x304c, 0x304b, 0x3099, 0x304e, 0x304d, 0x3099, 0x3050, 0x304f, 0x3099,
  0x3052, 0x3051, 0x3099, 0x3054, 0x3053, 0x3099, 0x3056, 0x3055, 0x3099, 0x3058, 0x3057, 0x3099,
  0x305a, 0x3059, 0x3099, 0x305c, 0x305b, 0x3099, 0x305e, 0x305d, 0x3099, 0x3060, 0x305f, 0x3099,
  0x3062, 0x3061, 0x3099, 0x3065, 0x3064, 0x3099, 0x3067, 0x3066, 0x3099, 0x3069, 0x3068, 0x3099,
  0x3070, 0x306f, 0x3099, 0x3071, 0x306f, 0x309a, 0x3073, 0x3072, 0x3099, 0x3074, 0x3072, 0x309a,
  0x3076, 0x3075, 0x3099, 0x3077, 0x3075, 0x309a, 0x3079, 0x3078, 0x3099, 0x307a, 0x3078, 0x309a,
  0x307c, 0x307b, 0x3099, 0x307d, 0x307b, 0x309a, 0x3094, 0x3046, 0x3099, 0x309e, 0x309d, 0x3099,
  0x30ac, 0x30ab, 0x3099, 0x30ae, 0x30ad, 0x3099, 0x30b0, 0x30af, 0x3099, 0x30b2, 0x30b1, 0x3099,
  0x30b4, 0x30b3, 0x3099, 0x30b6, 0x30b5, 0x3099, 0x30b8, 0x30b7, 0x3099, 0x30ba, 0x30b9, 0x3099,
  0x30bc, 0x30bb, 0x3099, 0x30be, 0x30bd, 0x3099, 0x30c0, 0x30bf, 0x3099, 0x30c2, 0x30c1, 0x3099,
  0x30c5, 0x30c4, 0x3099, 0x30c7, 0x30c6, 0x3099, 0x30c9, 0x30c8, 0x3099, 0x30d0, 0x30cf, 0x3099,
  0x30d1, 0x30cf, 0x309a, 0x30d3, 0x30d2, 0x3099, 0x30d4, 0x30d2, 0x309a, 0x30d6, 0x30d5, 0x3099,
  0x30d7, 0x30d5, 0x309a, 0x30d9, 0x30d8, 0x3099, 0x30da, 0x30d8, 0x309a, 0x30dc, 0x30db, 0x3099,
  0x30dd, 0x30db, 0x309a, 0x30f4, 0x30a6, 0x3099, 0x30f7, 0x30ef, 0x3099, 0x30f8, 0x30f0, 0x3099,
  0x30f9, 0x30f1, 0x3099, 0x30fa, 0x30f2, 0x3099, 0x30fe, 0x30fd, 0x3099, 0xf900, 0x8c48, 0x0,
  0xf901, 0x66f4, 0x0, 0xf902, 0x8eca, 0x0, 0xf903, 0x8cc8, 0x0, 0xf904, 0x6ed1, 0x0,
  0xf905, 0x4e32, 0x0, 0xf906, 0x53e5, 0x0, 0xf907, 0x9f9c, 0x0, 0xf908, 0x9f9c, 0x0,
  0xf909, 0x5951, 0x0, 0xf90a, 0x91d1, 0x0, 0xf90b, 0x5587, 0x0, 0xf90c, 0x5948, 0x0,
  0xf90d, 0x61f6, 0x0, 0xf90e, 0x7669, 0x0, 0xf90f, 0x7f85, 0x0, 0xf910, 0x863f, 0x0,
  0xf911, 0x87ba, 0x0, 0xf912, 0x88f8, 0x0, 0xf913, 0x908f, 0x0, 0xf914, 0x6a02, 0x0,
  0xf915, 0x6d1b, 0x0, 0xf916, 0x70d9, 0x0, 0xf917, 0x73de, 0x0, 0xf918, 0x843d, 0x0,
  0xf919, 0x916a, 0x0, 0xf91a, 0x99f1, 0x0, 0xf91b, 0x4e82, 0x0, 0xf91c, 0x5375, 0x0,
  0xf91d, 0x6b04, 0x0, 0xf91e, 0x721b, 0x0, 0xf91f, 0x862d, 0x0, 0xf920, 0x9e1e, 0x0,
  0xf921, 0x5d50, 0x0, 0xf922, 0x6feb, 0x0, 0xf923, 0x85cd, 0x0, 0xf924, 0x8964, 0x0,
  0xf925, 0x62c9, 0x0, 0xf926, 0x81d8, 0x0, 0xf927, 0x881f, 0x0, 0xf928, 0x5eca, 0x0,
  0xf929, 0x6717, 0x0, 0xf92a, 0x6d6a, 0x0, 0xf92b, 0x72fc, 0x0, 0xf92c, 0x90ce, 0x0,
  0xf92d, 0x4f86, 0x0, 0xf92e, 0x51b7, 0x0, 0xf92f, 0x52de, 0x0, 0xf930, 0x64c4, 0x0,
  0xf931, 0x6ad3, 0x0, 0xf932, 0x7210, 0x0, 0xf933, 0x76e7, 0x0, 0xf934, 0x8001, 0x0,
  0xf935, 0x8606, 0x0, 0xf936, 0x865c, 0x0, 0xf937, 0x8def, 0x0, 0xf938, 0x9732, 0x0,
  0xf939, 0x9b6f, 0x0, 0xf93a, 0x9dfa, 0x0, 0xf93b, 0x788c, 0x0, 0xf93c, 0x797f, 0x0,
  0xf93d, 0x7da0, 0x0, 0xf93e, 0x83c9, 0x0, 0xf93f, 0x9304, 0x0, 0xf940, 0x9e7f, 0x0,
  0xf941, 0x8ad6, 0x0, 0xf942, 0x58df, 0x0, 0xf943, 0x5f04, 0x0, 0xf944, 0x7c60, 0x0,
  0xf945, 0x807e, 0x0, 0xf946, 0x7262, 0x0, 0xf947, 0x78ca, 0x0, 0xf948, 0x8cc2, 0x0,
  0xf949, 0x96f7, 0x0, 0xf94a, 0x58d8, 0x0, 0xf94b, 0x5c62, 0x0, 0xf94c, 0x6a13, 0x0,
  0xf94d, 0x6dda, 0x0, 0xf94e, 0x6f0f, 0x0, 0xf94f, 0x7d2f, 0x0, 0xf950, 0x7e37, 0x0,
  0xf951, 0x964b, 0x0, 0xf952, 0x52d2, 0x0, 0xf953, 0x808b, 0x0, 0xf954, 0x51dc, 0x0,
  0xf955, 0x51cc, 0x0, 0xf956, 0x7a1c, 0x0, 0xf957, 0x7dbe, 0x0, 0xf958, 0x83f1, 0x0,
  0xf959, 0x9675, 0x0, 0xf95a, 0x8b80, 0x0, 0xf95b, 0x62cf, 0x0, 0xf95c, 0x6a02, 0x0,
  0xf95d, 0x8afe, 0x0, 0xf95e, 0x4e39, 0x0, 0xf95f, 0x5be7, 0x0, 0xf960, 0x6012, 0x0,
  0xf961, 0x7387, 0x0, 0xf962, 0x7570, 0x0, 0xf963, 0x5317, 0x0, 0xf964, 0x78fb, 0x0,
  0xf965, 0x4fbf, 0x0, 0xf966, 0x5fa9, 0x0, 0xf967, 0x4e0d, 0x0, 0xf968, 0x6ccc, 0x0,
  0xf969, 0x6578, 0x0, 0xf96a, 0x7d22, 0x0, 0xf96b, 0x53c3, 0x0, 0xf96c, 0x585e, 0x0,
  0xf96d, 0x7701, 0x0, 0xf96e, 0x8449, 0x0, 0xf96f, 0x8aaa, 0x0, 0xf970, 0x6bba, 0x0,
  0xf971, 0x8fb0, 0x0, 0xf972, 0x6c88, 0x0, 0xf973, 0x62fe, 0x0, 0xf974, 0x82e5, 0x0,
  0xf975, 0x63a0, 0x0, 0xf976, 0x7565, 0x0, 0xf977, 0x4eae, 0x0, 0xf978, 0x5169, 0x0,
  0xf979, 0x51c9, 0x0, 0xf97a, 0x6881, 0x0, 0xf97b, 0x7ce7, 0x0, 0xf97c, 0x826f, 0x0,
  0xf97d, 0x8ad2, 0x0, 0xf97e, 0x91cf, 0x0, 0xf97f, 0x52f5, 0x0, 0xf980, 0x5442, 0x0,
  0xf981, 0x5973, 0x0, 0xf982, 0x5eec, 0x0, 0xf983, 0x65c5, 0x0, 0xf984, 0x6ffe, 0x0,
  0xf985, 0x792a, 0x0, 0xf986, 0x95ad, 0x0, 0xf987, 0x9a6a, 0x0, 0xf988, 0x9e97, 0x0,
  0xf989, 0x9ece, 0x0, 0xf98a, 0x529b, 0x0, 0xf98b, 0x66c6, 0x0, 0xf98c, 0x6b77, 0x0,
  0xf98d, 0x8f62, 0x0, 0xf98e, 0x5e74, 0x0, 0xf98f, 0x6190, 0x0, 0xf990, 0x6200, 0x0,
  0xf991, 0x649a, 0x0, 0xf992, 0x6f23, 0x0, 0xf993, 0x7149, 0x0, 0xf994, 0x7489, 0x0,
  0xf995, 0x79ca, 0x0, 0xf996, 0x7df4, 0x0, 0xf997, 0x806f, 0x0, 0xf998, 0x8f26, 0x0,
  0xf999, 0x84ee, 0x0, 0xf99a, 0x9023, 0x0, 0xf99b, 0x934a, 0x0, 0xf99c, 0x5217, 0x0,
  0xf99d, 0x52a3, 0x0, 0xf99e, 0x54bd, 0x0, 0xf99f, 0x70c8, 0x0, 0xf9a0, 0x88c2, 0x0,
  0xf9a1, 0x8aaa, 0x0, 0xf9a2, 0x5ec9, 0x0, 0xf9a3, 0x5ff5, 0x0, 0xf9a4, 0x637b, 0x0,
  0xf9a5, 0x6bae, 0x0, 0xf9a6, 0x7c3e, 0x0, 0xf9a7, 0x7375, 0x0, 0xf9a8, 0x4ee4, 0x0,
  0xf9a9, 0x56f9, 0x0, 0xf9aa, 0x5be7, 0x0, 0xf9ab, 0x5dba, 0x0, 0xf9ac, 0x601c, 0x0,
  0xf9ad, 0x73b2, 0x0, 0xf9ae, 0x7469, 0x0, 0xf9af, 0x7f9a, 0x0, 0xf9b0, 0x8046, 0x0,
  0xf9b1, 0x9234, 0x0, 0xf9b2, 0x96f6, 0x0, 0xf9b3, 0x9748, 0x0, 0xf9b4, 0x9818, 0x0,
  0xf9b5, 0x4f8b, 0x0, 0xf9b6, 0x79ae, 0x0, 0xf9b7, 0x91b4, 0x0, 0xf9b8, 0x96b8, 0x0,
  0xf9b9, 0x60e1, 0x0, 0xf9ba, 0x4e86, 0x0, 0xf9bb, 0x50da, 0x0, 0xf9bc, 0x5bee, 0x0,
  0xf9bd, 0x5c3f, 0x0, 0xf9be, 0x6599, 0x0, 0xf9bf, 0x6a02, 0x0, 0xf9c0, 0x71ce, 0x0,
  0xf9c1, 0x7642, 0x0, 0xf9c2, 0x84fc, 0x0, 0xf9c3, 0x907c, 0x0, 0xf9c4, 0x9f8d, 0x0,
  0xf9c5, 0x6688, 0x0, 0xf9c6, 0x962e, 0x0, 0xf9c7, 0x5289, 0x0, 0xf9c8, 0x677b, 0x0,
  0xf9c9, 0x67f3, 0x0, 0xf9ca, 0x6d41, 0x0, 0xf9cb, 0x6e9c, 0x0, 0xf9cc, 0x7409, 0x0,
  0xf9cd, 0x7559, 0x0, 0xf9ce, 0x786b, 0x0, 0xf9cf, 0x7d10, 0x0, 0xf9d0, 0x985e, 0x0,
  0xf9d1, 0x516d, 0x0, 0xf9d2, 0x622e, 0x0, 0xf9d3, 0x9678, 0x0, 0xf9d4, 0x502b, 0x0,
  0xf9d5, 0x5d19, 0x0, 0xf9d6, 0x6dea, 0x0, 0xf9d7, 0x8f2a, 0x0, 0xf9d8, 0x5f8b, 0x0,
  0xf9d9, 0x6144, 0x0, 0xf9da, 0x6817, 0x0, 0xf9db, 0x7387, 0x0, 0xf9dc, 0x9686, 0x0,
  0xf9dd, 0x5229, 0x0, 0xf9de, 0x540f, 0x0, 0xf9df, 0x5c65, 0x0, 0xf9e0, 0x6613, 0x0,
  0xf9e1, 0x674e, 0x0, 0xf9e2, 0x68a8, 0x0, 0xf9e3, 0x6ce5, 0x0, 0xf9e4, 0x7406, 0x0,
  0xf9e5, 0x75e2, 0x0, 0xf9e6, 0x7f79, 0x0, 0xf9e7, 0x88cf, 0x0, 0xf9e8, 0x88e1, 0x0,
  0xf9e9, 0x91cc, 0x0, 0xf9ea, 0x96e2, 0x0, 0xf9eb, 0x533f, 0x0, 0xf9ec, 0x6eba, 0x0,
  0xf9ed, 0x541d, 0x0, 0xf9ee, 0x71d0, 0x0, 0xf9ef, 0x7498, 0x0, 0xf9f0, 0x85fa, 0x0,
  0xf9f1, 0x96a3, 0x0, 0xf9f2, 0x9c57, 0x0, 0xf9f3, 0x9e9f, 0x0, 0xf9f4, 0x6797, 0x0,
  0xf9f5, 0x6dcb, 0x0, 0xf9f6, 0x81e8, 0x0, 0xf9f7, 0x7acb, 0x0, 0xf9f8, 0x7b20, 0x0,
  0xf9f9, 0x7c92, 0x0, 0xf9fa, 0x72c0, 0x0, 0xf9fb, 0x7099, 0x0, 0xf9fc, 0x8b58, 0x0,
  0xf9fd, 0x4ec0, 0x0, 0xf9fe, 0x8336, 0x0, 0xf9ff, 0x523a, 0x0, 0xfa00, 0x5207, 0x0,
  0xfa01, 0x5ea6, 0x0, 0xfa02, 0x62d3, 0x0, 0xfa03, 0x7cd6, 0x0, 0xfa04, 0x5b85, 0x0,
  0xfa05, 0x6d1e, 0x0, 0xfa06, 0x66b4, 0x0, 0xfa07, 0x8f3b, 0x0, 0xfa08, 0x884c, 0x0,
  0xfa09, 0x964d, 0x0, 0xfa0a, 0x898b, 0x0, 0xfa0b, 0x5ed3, 0x0, 0xfa0c, 0x5140, 0x0,
  0xfa0d, 0x55c0, 0x0, 0xfa10, 0x585a, 0x0, 0xfa12, 0x6674, 0x0, 0xfa15, 0x51de, 0x0,
  0xfa16, 0x732a, 0x0, 0xfa17, 0x76ca, 0x0, 0xfa18, 0x793c, 0x0, 0xfa19, 0x795e, 0x0,
  0xfa1a, 0x7965, 0x0, 0xfa1b, 0x798f, 0x0, 0xfa1c, 0x9756, 0x0, 0xfa1d, 0x7cbe, 0x0,
  0xfa1e, 0x7fbd, 0x0, 0xfa20, 0x8612, 0x0, 0xfa22, 0x8af8, 0x0, 0xfa25, 0x9038, 0x0,
  0xfa26, 0x90fd, 0x0, 0xfa2a, 0x98ef, 0x0, 0xfa2b, 0x98fc, 0x0, 0xfa2c, 0x9928, 0x0,
  0xfa2d, 0x9db4, 0x0, 0xfa2e, 0x90de, 0x0, 0xfa2f, 0x96b7, 0x0, 0xfa30, 0x4fae, 0x0,
  0xfa31, 0x50e7, 0x0, 0xfa32, 0x514d, 0x0, 0xfa33, 0x52c9, 0x0, 0xfa34, 0x52e4, 0x0,
  0xfa35, 0x5351, 0x0, 0xfa36, 0x559d, 0x0, 0xfa37, 0x5606, 0x0, 0xfa38, 0x5668, 0x0,
  0xfa39, 0x5840, 0x0, 0xfa3a, 0x58a8, 0x0, 0xfa3b, 0x5c64, 0x0, 0xfa3c, 0x5c6e, 0x0,
  0xfa3d, 0x6094, 0x0, 0xfa3e, 0x6168, 0x0, 0xfa3f, 0x618e, 0x0, 0xfa40, 0x61f2, 0x0,
  0xfa41, 0x654f, 0x0, 0xfa42, 0x65e2, 0x0, 0xfa43, 0x6691, 0x0, 0xfa44, 0x6885, 0x0,
  0xfa45, 0x6d77, 0x0, 0xfa46, 0x6e1a, 0x0, 0xfa47, 0x6f22, 0x0, 0xfa48, 0x716e, 0x0,
  0xfa49, 0x722b, 0x0, 0xfa4a, 0x7422, 0x0, 0xfa4b, 0x7891, 0x0, 0xfa4c, 0x793e, 0x0,
  0xfa4d, 0x7949, 0x0, 0xfa4e, 0x7948, 0x0, 0xfa4f, 0x7950, 0x0, 0xfa50, 0x7956, 0x0,
  0xfa51, 0x795d, 0x0, 0xfa52, 0x798d, 0x0, 0xfa53, 0x798e, 0x0, 0xfa54, 0x7a40, 0x0,
  0xfa55, 0x7a81, 0x0, 0xfa56, 0x7bc0, 0x0, 0xfa57, 0x7df4, 0x0, 0xfa58, 0x7e09, 0x0,
  0xfa59, 0x7e41, 0x0, 0xfa5a, 0x7f72, 0x0, 0xfa5b, 0x8005, 0x0, 0xfa5c, 0x81ed, 0x0,
  0xfa5d, 0x8279, 0x0, 0xfa5e, 0x8279, 0x0, 0xfa5f, 0x8457, 0x0, 0xfa60, 0x8910, 0x0,
  0xfa61, 0x8996, 0x0, 0xfa62, 0x8b01, 0x0, 0xfa63, 0x8b39, 0x0, 0xfa64, 0x8cd3, 0x0,
  0xfa65, 0x8d08, 0x0, 0xfa66, 0x8fb6, 0x0, 0xfa67, 0x9038, 0x0, 0xfa68, 0x96e3, 0x0,
  0xfa69, 0x97ff, 0x0, 0xfa6a, 0x983b, 0x0, 0xfa6b, 0x6075, 0x0, 0xfa6c, 0x242ee, 0x0,
  0xfa6d, 0x8218, 0x0, 0xfa70, 0x4e26, 0x0, 0xfa71, 0x51b5, 0x0, 0xfa72, 0x5168, 0x0,
  0xfa73, 0x4f80, 0x0, 0xfa74, 0x5145, 0x0, 0xfa75, 0x5180, 0x0, 0xfa76, 0x52c7, 0x0,
  0xfa77, 0x52fa, 0x0, 0xfa78, 0x559d, 0x0, 0xfa79, 0x5555, 0x0, 0xfa7a, 0x5599, 0x0,
  0xfa7b, 0x55e2, 0x0, 0xfa7c, 0x585a, 0x0, 0xfa7d, 0x58b3, 0x0, 0xfa7e, 0x5944, 0x0,
  0xfa7f, 0x5954, 0x0, 0xfa80, 0x5a62, 0x0, 0xfa81, 0x5b28, 0x0, 0xfa82, 0x5ed2, 0x0,
  0xfa83, 0x5ed9, 0x0, 0xfa84, 0x5f69, 0x0, 0xfa85, 0x5fad, 0x0, 0xfa86, 0x60d8, 0x0,
  0xfa87, 0x614e, 0x0, 0xfa88, 0x6108, 0x0, 0xfa89, 0x618e, 0x0, 0xfa8a, 0x6160, 0x0,
  0xfa8b, 0x61f2, 0x0, 0xfa8c, 0x6234, 0x0, 0xfa8d, 0x63c4, 0x0, 0xfa8e, 0x641c, 0x0,
  0xfa8f, 0x6452, 0x0, 0xfa90, 0x6556, 0x0, 0xfa91, 0x6674, 0x0, 0xfa92, 0x6717, 0x0,
  0xfa93, 0x671b, 0x0, 0xfa94, 0x6756, 0x0, 0xfa95, 0x6b79, 0x0, 0xfa96, 0x6bba, 0x0,
  0xfa97, 0x6d41, 0x0, 0xfa98, 0x6edb, 0x0, 0xfa99, 0x6ecb, 0x0, 0xfa9a, 0x6f22, 0x0,
  0xfa9b, 0x701e, 0x0, 0xfa9c, 0x716e, 0x0, 0xfa9d, 0x77a7, 0x0, 0xfa9e, 0x7235, 0x0,
  0xfa9f, 0x72af, 0x0, 0xfaa0, 0x732a, 0x0, 0xfaa1, 0x7471, 0x0, 0xfaa2, 0x7506, 0x0,
  0xfaa3, 0x753b, 0x0, 0xfaa4, 0x761d, 0x0, 0xfaa5, 0x761f, 0x0, 0xfaa6, 0x76ca, 0x0,
  0xfaa7, 0x76db, 0x0, 0xfaa8, 0x76f4, 0x0, 0xfaa9, 0x774a, 0x0, 0xfaaa, 0x7740, 0x0,
  0xfaab, 0x78cc, 0x0, 0xfaac, 0x7ab1, 0x0, 0xfaad, 0x7bc0, 0x0, 0xfaae, 0x7c7b, 0x0,
  0xfaaf, 0x7d5b, 0x0, 0xfab0, 0x7df4, 0x0, 0xfab1, 0x7f3e, 0x0, 0xfab2, 0x8005, 0x0,
  0xfab3, 0x8352, 0x0, 0xfab4, 0x83ef, 0x0, 0xfab5, 0x8779, 0x0, 0xfab6, 0x8941, 0x0,
  0xfab7, 0x8986, 0x0, 0xfab8, 0x8996, 0x0, 0xfab9, 0x8abf, 0x0, 0xfaba, 0x8af8, 0x0,
  0xfabb, 0x8acb, 0x0, 0xfabc, 0x8b01, 0x0, 0xfabd, 0x8afe, 0x0, 0xfabe, 0x8aed, 0x0,
  0xfabf, 0x8b39, 0x0, 0xfac0, 0x8b8a, 0x0, 0xfac1, 0x8d08, 0x0, 0xfac2, 0x8f38, 0x0,
  0xfac3, 0x9072, 0x0, 0xfac4, 0x9199, 0x0, 0xfac5, 0x9276, 0x0, 0xfac6, 0x967c, 0x0,
  0xfac7, 0x96e3, 0x0, 0xfac8, 0x9756, 0x0, 0xfac9, 0x97db, 0x0, 0xfaca, 0x97ff, 0x0,
  0xfacb, 0x980b, 0x0, 0xfacc, 0x983b, 0x0, 0xfacd, 0x9b12, 0x0, 0xface, 0x9f9c, 0x0,
  0xfacf, 0x2284a, 0x0, 0xfad0, 0x22844, 0x0, 0xfad1, 0x233d5, 0x0, 0xfad2, 0x3b9d, 0x0,
  0xfad3, 0x4018, 0x0, 0xfad4, 0x4039, 0x0, 0xfad5, 0x25249, 0x0, 0xfad6, 0x25cd0, 0x0,
  0xfad7, 0x27ed3, 0x0, 0xfad8, 0x9f43, 0x0, 0xfad9, 0x9f8e, 0x0, 0xfb1d, 0x5d9, 0x5b4,
  0xfb1f, 0x5f2, 0x5b7, 0xfb2a, 0x5e9, 0x5c1, 0xfb2b, 0x5e9, 0x5c2, 0xfb2c, 0xfb49, 0x5c1,
  0xfb2d, 0xfb49, 0x5c2, 0xfb2e, 0x5d0, 0x5b7, 0xfb2f, 0x5d0, 0x5b8, 0xfb30, 0x5d0, 0x5bc,
  0xfb31, 0x5d1, 0x5bc, 0xfb32, 0x5d2, 0x5bc, 0xfb33, 0x5d3, 0x5bc, 0xfb34, 0x5d4, 0x5bc,
  0xfb35, 0x5d5, 0x5bc, 0xfb36, 0x5d6, 0x5bc, 0xfb38, 0x5d8, 0x5bc, 0xfb39, 0x5d9, 0x5bc,
  0xfb3a, 0x5da, 0x5bc, 0xfb3b, 0x5db, 0x5bc, 0xfb3c, 0x5dc, 0x5bc, 0xfb3e, 0x5de, 0x5bc,
  0xfb40, 0x5e0, 0x5bc, 0xfb41, 0x5e1, 0x5bc, 0xfb43, 0x5e3, 0x5bc, 0xfb44, 0x5e4, 0x5bc,
  0xfb46, 0x5e6, 0x5bc, 0xfb47, 0x5e7, 0x5bc, 0xfb48, 0x5e8, 0x5bc, 0xfb49, 0x5e9, 0x5bc,
  0xfb4a, 0x5ea, 0x5bc, 0xfb4b, 0x5d5, 0x5b9, 0xfb4c, 0x5d1, 0x5bf, 0xfb4d, 0x5db, 0x5bf,
  0xfb4e, 0x5e4, 0x5bf, 0x105c9, 0x105d2, 0x307, 0x105e4, 0x105da, 0x307, 0x1109a, 0x11099, 0x110ba,
  0x1109c, 0x1109b, 0x110ba, 0x110ab, 0x110a5, 0x110ba, 0x1112e, 0x11131, 0x11127, 0x1112f, 0x11132, 0x11127,
  0x1134b, 0x11347, 0x1133e, 0x1134c, 0x11347, 0x11357, 0x11383, 0x11382, 0x113c9, 0x11385, 0x11384, 0x113bb,
  0x1138e, 0x1138b, 0x113c2, 0x11391, 0x11390, 0x113c9, 0x113c5, 0x113c2, 0x113c2, 0x113c7, 0x113c2, 0x113b8,
  0x113c8, 0x113c2, 0x113c9, 0x114bb, 0x114b9, 0x114ba, 0x114bc, 0x114b9, 0x114b0, 0x114be, 0x114b9, 0x114bd,
  0x115ba, 0x115b8, 0x115af, 0x115bb, 0x115b9, 0x115af, 0x11938, 0x11935, 0x11930, 0x16121, 0x1611e, 0x1611e,
  0x16122, 0x1611e, 0x16129, 0x16123, 0x1611e, 0x1611f, 0x16124, 0x16129, 0x1611f, 0x16125, 0x1611e, 0x16120,
  0x16126, 0x16121, 0x1611f, 0x16127, 0x16122, 0x1611f, 0x16128, 0x16121, 0x16120, 0x16d68, 0x16d67, 0x16d67,
  0x16d69, 0x16d63, 0x16d67, 0x16d6a, 0x16d69, 0x16d67, 0x1d15e, 0x1d157, 0x1d165, 0x1d15f, 0x1d158, 0x1d165,
  0x1d160, 0x1d15f, 0x1d16e, 0x1d161, 0x1d15f, 0x1d16f, 0x1d162, 0x1d15f, 0x1d170, 0x1d163, 0x1d15f, 0x1d171,
  0x1d164, 0x1d15f, 0x1d172, 0x1d1bb, 0x1d1b9, 0x1d165, 0x1d1bc, 0x1d1ba, 0x1d165, 0x1d1bd, 0x1d1bb, 0x1d16e,
  0x1d1be, 0x1d1bc, 0x1d16e, 0x1d1bf, 0x1d1bb, 0x1d16f, 0x1d1c0, 0x1d1bc, 0x1d16f, 0x2f800, 0x4e3d, 0x0,
  0x2f801, 0x4e38, 0x0, 0x2f802, 0x4e41, 0x0, 0x2f803, 0x20122, 0x0, 0x2f804, 0x4f60, 0x0,
  0x2f805, 0x4fae, 0x0, 0x2f806, 0x4fbb, 0x0, 0x2f807, 0x5002, 0x0, 0x2f808, 0x507a, 0x0,
  0x2f809, 0x5099, 0x0, 0x2f80a, 0x50e7, 0x0, 0x2f80b, 0x50cf, 0x0, 0x2f80c, 0x349e, 0x0,
  0x2f80d, 0x2063a, 0x0, 0x2f80e, 0x514d, 0x0, 0x2f80f, 0x5154, 0x0, 0x2f810, 0x5164, 0x0,
  0x2f811, 0x5177, 0x0, 0x2f812, 0x2051c, 0x0, 0x2f813, 0x34b9, 0x0, 0x2f814, 0x5167, 0x0,
  0x2f815, 0x518d, 0x0, 0x2f816, 0x2054b, 0x0, 0x2f817, 0x5197, 0x0, 0x2f818, 0x51a4, 0x0,
  0x2f819, 0x4ecc, 0x0, 0x2f81a, 0x51ac, 0x0, 0x2f81b, 0x51b5, 0x0, 0x2f81c, 0x291df, 0x0,
  0x2f81d, 0x51f5, 0x0, 0x2f81e, 0x5203, 0x0, 0x2f81f, 0x34df, 0x0, 0x2f820, 0x523b, 0x0,
  0x2f821, 0x5246, 0x0, 0x2f822, 0x5272, 0x0, 0x2f823, 0x5277, 0x0, 0x2f824, 0x3515, 0x0,
  0x2f825, 0x52c7, 0x0, 0x2f826, 0x52c9, 0x0, 0x2f827, 0x52e4, 0x0, 0x2f828, 0x52fa, 0x0,
  0x2f829, 0x5305, 0x0, 0x2f82a, 0x5306, 0x0, 0x2f82b, 0x5317, 0x0, 0x2f82c, 0x5349, 0x0,
  0x2f82d, 0x5351, 0x0, 0x2f82e, 0x535a, 0x0, 0x2f82f, 0x5373, 0x0, 0x2f830, 0x537d, 0x0,
  0x2f831, 0x537f, 0x0, 0x2f832, 0x537f, 0x0, 0x2f833, 0x537f, 0x0, 0x2f834, 0x20a2c, 0x0,
  0x2f835, 0x7070, 0x0, 0x2f836, 0x53ca, 0x0, 0x2f837, 0x53df, 0x0, 0x2f838, 0x20b63, 0x0,
  0x2f839, 0x53eb, 0x0, 0x2f83a, 0x53f1, 0x0, 0x2f83b, 0x5406, 0x0, 0x2f83c, 0x549e, 0x0,
  0x2f83d, 0x5438, 0x0, 0x2f83e, 0x5448, 0x0, 0x2f83f, 0x5468, 0x0, 0x2f840, 0x54a2, 0x0,
  0x2f841, 0x54f6, 0x0, 0x2f842, 0x5510, 0x0, 0x2f843, 0x5553, 0x0, 0x2f844, 0x5563, 0x0,
  0x2f845, 0x5584, 0x0, 0x2f846, 0x5584, 0x0, 0x2f847, 0x5599, 0x0, 0x2f848, 0x55ab, 0x0,
  0x2f849, 0x55b3, 0x0, 0x2f84a, 0x55c2, 0x0, 0x2f84b, 0x5716, 0x0, 0x2f84c, 0x5606, 0x0,
  0x2f84d, 0x5717, 0x0, 0x2f84e, 0x5651, 0x0, 0x2f84f, 0x5674, 0x0, 0x2f850, 0x5207, 0x0,
  0x2f851, 0x58ee, 0x0, 0x2f852, 0x57ce, 0x0, 0x2f853, 0x57f4, 0x0, 0x2f854, 0x580d, 0x0,
  0x2f855, 0x578b, 0x0, 0x2f856, 0x5832, 0x0, 0x2f857, 0x5831, 0x0, 0x2f858, 0x58ac, 0x0,
  0x2f859, 0x214e4, 0x0, 0x2f85a, 0x58f2, 0x0, 0x2f85b, 0x58f7, 0x0, 0x2f85c, 0x5906, 0x0,
  0x2f85d, 0x591a, 0x0, 0x2f85e, 0x5922, 0x0, 0x2f85f, 0x5962, 0x0, 0x2f860, 0x216a8, 0x0,
  0x2f861, 0x216ea, 0x0, 0x2f862, 0x59ec, 0x0, 0x2f863, 0x5a1b, 0x0, 0x2f864, 0x5a27, 0x0,
  0x2f865, 0x59d8, 0x0, 0x2f866, 0x5a66, 0x0, 0x2f867, 0x36ee, 0x0, 0x2f868, 0x36fc, 0x0,
  0x2f869, 0x5b08, 0x0, 0x2f86a, 0x5b3e, 0x0, 0x2f86b, 0x5b3e, 0x0, 0x2f86c, 0x219c8, 0x0,
  0x2f86d, 0x5bc3, 0x0, 0x2f86e, 0x5bd8, 0x0, 0x2f86f, 0x5be7, 0x0, 0x2f870, 0x5bf3, 0x0,
  0x2f871, 0x21b18, 0x0, 0x2f872, 0x5bff, 0x0, 0x2f873, 0x5c06, 0x0, 0x2f874, 0x5f53, 0x0,
  0x2f875, 0x5c22, 0x0, 0x2f876, 0x3781, 0x0, 0x2f877, 0x5c60, 0x0, 0x2f878, 0x5c6e, 0x0,
  0x2f879, 0x5cc0, 0x0, 0x2f87a, 0x5c8d, 0x0, 0x2f87b, 0x21de4, 0x0, 0x2f87c, 0x5d43, 0x0,
  0x2f87d, 0x21de6, 0x0, 0x2f87e, 0x5d6e, 0x0, 0x2f87f, 0x5d6b, 0x0, 0x2f880, 0x5d7c, 0x0,
  0x2f881, 0x5de1, 0x0, 0x2f882, 0x5de2, 0x0, 0x2f883, 0x382f, 0x0, 0x2f884, 0x5dfd, 0x0,
  0x2f885, 0x5e28, 0x0, 0x2f886, 0x5e3d, 0x0, 0x2f887, 0x5e69, 0x0, 0x2f888, 0x3862, 0x0,
  0x2f889, 0x22183, 0x0, 0x2f88a, 0x387c, 0x0, 0x2f88b, 0x5eb0, 0x0, 0x2f88c, 0x5eb3, 0x0,
  0x2f88d, 0x5eb6, 0x0, 0x2f88e, 0x5eca, 0x0, 0x2f88f, 0x2a392, 0x0, 0x2f890, 0x5efe, 0x0,
  0x2f891, 0x22331, 0x0, 0x2f892, 0x22331, 0x0, 0x2f893, 0x8201, 0x0, 0x2f894, 0x5f22, 0x0,
  0x2f895, 0x5f22, 0x0, 0x2f896, 0x38c7, 0x0, 0x2f897, 0x232b8, 0x0, 0x2f898, 0x261da, 0x0,
  0x2f899, 0x5f62, 0x0, 0x2f89a, 0x5f6b, 0x0, 0x2f89b, 0x38e3, 0x0, 0x2f89c, 0x5f9a, 0x0,
  0x2f89d, 0x5fcd, 0x0, 0x2f89e, 0x5fd7, 0x0, 0x2f89f, 0x5ff9, 0x0, 0x2f8a0, 0x6081, 0x0,
  0x2f8a1, 0x393a, 0x0, 0x2f8a2, 0x391c, 0x0, 0x2f8a3, 0x6094, 0x0, 0x2f8a4, 0x226d4, 0x0,
  0x2f8a5, 0x60c7, 0x0, 0x2f8a6, 0x6148, 0x0, 0x2f8a7, 0x614c, 0x0, 0x2f8a8, 0x614e, 0x0,
  0x2f8a9, 0x614c, 0x0, 0x2f8aa, 0x617a, 0x0, 0x2f8ab, 0x618e, 0x0, 0x2f8ac, 0x61b2, 0x0,
  0x2f8ad, 0x61a4, 0x0, 0x2f8ae, 0x61af, 0x0, 0x2f8af, 0x61de, 0x0, 0x2f8b0, 0x61f2, 0x0,
  0x2f8b1, 0x61f6, 0x0, 0x2f8b2, 0x6210, 0x0, 0x2f8b3, 0x621b, 0x0, 0x2f8b4, 0x625d, 0x0,
  0x2f8b5, 0x62b1, 0x0, 0x2f8b6, 0x62d4, 0x0, 0x2f8b7, 0x6350, 0x0, 0x2f8b8, 0x22b0c, 0x0,
  0x2f8b9, 0x633d, 0x0, 0x2f8ba, 0x62fc, 0x0, 0x2f8bb, 0x6368, 0x0, 0x2f8bc, 0x6383, 0x0,
  0x2f8bd, 0x63e4, 0x0, 0x2f8be, 0x22bf1, 0x0, 0x2f8bf, 0x6422, 0x0, 0x2f8c0, 0x63c5, 0x0,
  0x2f8c1, 0x63a9, 0x0, 0x2f8c2, 0x3a2e, 0x0, 0x2f8c3, 0x6469, 0x0, 0x2f8c4, 0x647e, 0x0,
  0x2f8c5, 0x649d, 0x0, 0x2f8c6, 0x6477, 0x0, 0x2f8c7, 0x3a6c, 0x0, 0x2f8c8, 0x654f, 0x0,
  0x2f8c9, 0x656c, 0x0, 0x2f8ca, 0x2300a, 0x0, 0x2f8cb, 0x65e3, 0x0, 0x2f8cc, 0x66f8, 0x0,
  0x2f8cd, 0x6649, 0x0, 0x2f8ce, 0x3b19, 0x0, 0x2f8cf, 0x6691, 0x0, 0x2f8d0, 0x3b08, 0x0,
  0x2f8d1, 0x3ae4, 0x0, 0x2f8d2, 0x5192, 0x0, 0x2f8d3, 0x5195, 0x0, 0x2f8d4, 0x6700, 0x0,
  0x2f8d5, 0x669c, 0x0, 0x2f8d6, 0x80ad, 0x0, 0x2f8d7, 0x43d9, 0x0, 0x2f8d8, 0x6717, 0x0,
  0x2f8d9, 0x671b, 0x0, 0x2f8da, 0x6721, 0x0, 0x2f8db, 0x675e, 0x0, 0x2f8dc, 0x6753, 0x0,
  0x2f8dd, 0x233c3, 0x0, 0x2f8de, 0x3b49, 0x0, 0x2f8df, 0x67fa, 0x0, 0x2f8e0, 0x6785, 0x0,
  0x2f8e1, 0x6852, 0x0, 0x2f8e2, 0x6885, 0x0, 0x2f8e3, 0x2346d, 0x0, 0x2f8e4, 0x688e, 0x0,
  0x2f8e5, 0x681f, 0x0, 0x2f8e6, 0x6914, 0x0, 0x2f8e7, 0x3b9d, 0x0, 0x2f8e8, 0x6942, 0x0,
  0x2f8e9, 0x69a3, 0x0, 0x2f8ea, 0x69ea, 0x0, 0x2f8eb, 0x6aa8, 0x0, 0x2f8ec, 0x236a3, 0x0,
  0x2f8ed, 0x6adb, 0x0, 0x2f8ee, 0x3c18, 0x0, 0x2f8ef, 0x6b21, 0x0, 0x2f8f0, 0x238a7, 0x0,
  0x2f8f1, 0x6b54, 0x0, 0x2f8f2, 0x3c4e, 0x0, 0x2f8f3, 0x6b72, 0x0, 0x2f8f4, 0x6b9f, 0x0,
  0x2f8f5, 0x6bba, 0x0, 0x2f8f6, 0x6bbb, 0x0, 0x2f8f7, 0x23a8d, 0x0, 0x2f8f8, 0x21d0b, 0x0,
  0x2f8f9, 0x23afa, 0x0, 0x2f8fa, 0x6c4e, 0x0, 0x2f8fb, 0x23cbc, 0x0, 0x2f8fc, 0x6cbf, 0x0,
  0x2f8fd, 0x6ccd, 0x0, 0x2f8fe, 0x6c67, 0x0, 0x2f8ff, 0x6d16, 0x0, 0x2f900, 0x6d3e, 0x0,
  0x2f901, 0x6d77, 0x0, 0x2f902, 0x6d41, 0x0, 0x2f903, 0x6d69, 0x0, 0x2f904, 0x6d78, 0x0,
  0x2f905, 0x6d85, 0x0, 0x2f906, 0x23d1e, 0x0, 0x2f907, 0x6d34, 0x0, 0x2f908, 0x6e2f, 0x0,
  0x2f909, 0x6e6e, 0x0, 0x2f90a, 0x3d33, 0x0, 0x2f90b, 0x6ecb, 0x0, 0x2f90c, 0x6ec7, 0x0,
  0x2f90d, 0x23ed1, 0x0, 0x2f90e, 0x6df9, 0x0, 0x2f90f, 0x6f6e, 0x0, 0x2f910, 0x23f5e, 0x0,
  0x2f911, 0x23f8e, 0x0, 0x2f912, 0x6fc6, 0x0, 0x2f913, 0x7039, 0x0, 0x2f914, 0x701e, 0x0,
  0x2f915, 0x701b, 0x0, 0x2f916, 0x3d96, 0x0, 0x2f917, 0x704a, 0x0, 0x2f918, 0x707d, 0x0,
  0x2f919, 0x7077, 0x0, 0x2f91a, 0x70ad, 0x0, 0x2f91b, 0x20525, 0x0, 0x2f91c, 0x7145, 0x0,
  0x2f91d, 0x24263, 0x0, 0x2f91e, 0x719c, 0x0, 0x2f91f, 0x243ab, 0x0, 0x2f920, 0x7228, 0x0,
  0x2f921, 0x7235, 0x0, 0x2f922, 0x7250, 0x0, 0x2f923, 0x24608, 0x0, 0x2f924, 0x7280, 0x0,
  0x2f925, 0x7295, 0x0, 0x2f926, 0x24735, 0x0, 0x2f927, 0x24814, 0x0, 0x2f928, 0x737a, 0x0,
  0x2f929, 0x738b, 0x0, 0x2f92a, 0x3eac, 0x0, 0x2f92b, 0x73a5, 0x0, 0x2f92c, 0x3eb8, 0x0,
  0x2f92d, 0x3eb8, 0x0, 0x2f92e, 0x7447, 0x0, 0x2f92f, 0x745c, 0x0, 0x2f930, 0x7471, 0x0,
  0x2f931, 0x7485, 0x0, 0x2f932, 0x74ca, 0x0, 0x2f933, 0x3f1b, 0x0, 0x2f934, 0x7524, 0x0,
  0x2f935, 0x24c36, 0x0, 0x2f936, 0x753e, 0x0, 0x2f937, 0x24c92, 0x0, 0x2f938, 0x7570, 0x0,
  0x2f939, 0x2219f, 0x0, 0x2f93a, 0x7610, 0x0, 0x2f93b, 0x24fa1, 0x0, 0x2f93c, 0x24fb8, 0x0,
  0x2f93d, 0x25044, 0x0, 0x2f93e, 0x3ffc, 0x0, 0x2f93f, 0x4008, 0x0, 0x2f940, 0x76f4, 0x0,
  0x2f941, 0x250f3, 0x0, 0x2f942, 0x250f2, 0x0, 0x2f943, 0x25119, 0x0, 0x2f944, 0x25133, 0x0,
  0x2f945, 0x771e, 0x0, 0x2f946, 0x771f, 0x0, 0x2f947, 0x771f, 0x0, 0x2f948, 0x774a, 0x0,
  0x2f949, 0x4039, 0x0, 0x2f94a, 0x778b, 0x0, 0x2f94b, 0x4046, 0x0, 0x2f94c, 0x4096, 0x0,
  0x2f94d, 0x2541d, 0x0, 0x2f94e, 0x784e, 0x0, 0x2f94f, 0x788c, 0x0, 0x2f950, 0x78cc, 0x0,
  0x2f951, 0x40e3, 0x0, 0x2f952, 0x25626, 0x0, 0x2f953, 0x7956, 0x0, 0x2f954, 0x2569a, 0x0,
  0x2f955, 0x256c5, 0x0, 0x2f956, 0x798f, 0x0, 0x2f957, 0x79eb, 0x0, 0x2f958, 0x412f, 0x0,
  0x2f959, 0x7a40, 0x0, 0x2f95a, 0x7a4a, 0x0, 0x2f95b, 0x7a4f, 0x0, 0x2f95c, 0x2597c, 0x0,
  0x2f95d, 0x25aa7, 0x0, 0x2f95e, 0x25aa7, 0x0, 0x2f95f, 0x7aee, 0x0, 0x2f960, 0x4202, 0x0,
  0x2f961, 0x25bab, 0x0, 0x2f962, 0x7bc6, 0x0, 0x2f963, 0x7bc9, 0x0, 0x2f964, 0x4227, 0x0,
  0x2f965, 0x25c80, 0x0, 0x2f966, 0x7cd2, 0x0, 0x2f967, 0x42a0, 0x0, 0x2f968, 0x7ce8, 0x0,
  0x2f969, 0x7ce3, 0x0, 0x2f96a, 0x7d00, 0x0, 0x2f96b, 0x25f86, 0x0, 0x2f96c, 0x7d63, 0x0,
  0x2f96d, 0x4301, 0x0, 0x2f96e, 0x7dc7, 0x0, 0x2f96f, 0x7e02, 0x0, 0x2f970, 0x7e45, 0x0,
  0x2f971, 0x4334, 0x0, 0x2f972, 0x26228, 0x0, 0x2f973, 0x26247, 0x0, 0x2f974, 0x4359, 0x0,
  0x2f975, 0x262d9, 0x0, 0x2f976, 0x7f7a, 0x0, 0x2f977, 0x2633e, 0x0, 0x2f978, 0x7f95, 0x0,
  0x2f979, 0x7ffa, 0x0, 0x2f97a, 0x8005, 0x0, 0x2f97b, 0x264da, 0x0, 0x2f97c, 0x26523, 0x0,
  0x2f97d, 0x8060, 0x0, 0x2f97e, 0x265a8, 0x0, 0x2f97f, 0x8070, 0x0, 0x2f980, 0x2335f, 0x0,
  0x2f981, 0x43d5, 0x0, 0x2f982, 0x80b2, 0x0, 0x2f983, 0x8103, 0x0, 0x2f984, 0x440b, 0x0,
  0x2f985, 0x813e, 0x0, 0x2f986, 0x5ab5, 0x0, 0x2f987, 0x267a7, 0x0, 0x2f988, 0x267b5, 0x0,
  0x2f989, 0x23393, 0x0, 0x2f98a, 0x2339c, 0x0, 0x2f98b, 0x8201, 0x0, 0x2f98c, 0x8204, 0x0,
  0x2f98d, 0x8f9e, 0x0, 0x2f98e, 0x446b, 0x0, 0x2f98f, 0x8291, 0x0, 0x2f990, 0x828b, 0x0,
  0x2f991, 0x829d, 0x0, 0x2f992, 0x52b3, 0x0, 0x2f993, 0x82b1, 0x0, 0x2f994, 0x82b3, 0x0,
  0x2f995, 0x82bd, 0x0, 0x2f996, 0x82e6, 0x0, 0x2f997, 0x26b3c, 0x0, 0x2f998, 0x82e5, 0x0,
  0x2f999, 0x831d, 0x0, 0x2f99a, 0x8363, 0x0, 0x2f99b, 0x83ad, 0x0, 0x2f99c, 0x8323, 0x0,
  0x2f99d, 0x83bd, 0x0, 0x2f99e, 0x83e7, 0x0, 0x2f99f, 0x8457, 0x0, 0x2f9a0, 0x8353, 0x0,
  0x2f9a1, 0x83ca, 0x0, 0x2f9a2, 0x83cc, 0x0, 0x2f9a3, 0x83dc, 0x0, 0x2f9a4, 0x26c36, 0x0,
  0x2f9a5, 0x26d6b, 0x0, 0x2f9a6, 0x26cd5, 0x0, 0x2f9a7, 0x452b, 0x0, 0x2f9a8, 0x84f1, 0x0,
  0x2f9a9, 0x84f3, 0x0, 0x2f9aa, 0x8516, 0x0, 0x2f9ab, 0x273ca, 0x0, 0x2f9ac, 0x8564, 0x0,
  0x2f9ad, 0x26f2c, 0x0, 0x2f9ae, 0x455d, 0x0, 0x2f9af, 0x4561, 0x0, 0x2f9b0, 0x26fb1, 0x0,
  0x2f9b1, 0x270d2, 0x0, 0x2f9b2, 0x456b, 0x0, 0x2f9b3, 0x8650, 0x0, 0x2f9b4, 0x865c, 0x0,
  0x2f9b5, 0x8667, 0x0, 0x2f9b6, 0x8669, 0x0, 0x2f9b7, 0x86a9, 0x0, 0x2f9b8, 0x8688, 0x0,
  0x2f9b9, 0x870e, 0x0, 0x2f9ba, 0x86e2, 0x0, 0x2f9bb, 0x8779, 0x0, 0x2f9bc, 0x8728, 0x0,
  0x2f9bd, 0x876b, 0x0, 0x2f9be, 0x8786, 0x0, 0x2f9bf, 0x45d7, 0x0, 0x2f9c0, 0x87e1, 0x0,
  0x2f9c1, 0x8801, 0x0, 0x2f9c2, 0x45f9, 0x0, 0x2f9c3, 0x8860, 0x0, 0x2f9c4, 0x8863, 0x0,
  0x2f9c5, 0x27667, 0x0, 0x2f9c6, 0x88d7, 0x0, 0x2f9c7, 0x88de, 0x0, 0x2f9c8, 0x4635, 0x0,
  0x2f9c9, 0x88fa, 0x0, 0x2f9ca, 0x34bb, 0x0, 0x2f9cb, 0x278ae, 0x0, 0x2f9cc, 0x27966, 0x0,
  0x2f9cd, 0x46be, 0x0, 0x2f9ce, 0x46c7, 0x0, 0x2f9cf, 0x8aa0, 0x0, 0x2f9d0, 0x8aed, 0x0,
  0x2f9d1, 0x8b8a, 0x0, 0x2f9d2, 0x8c55, 0x0, 0x2f9d3, 0x27ca8, 0x0, 0x2f9d4, 0x8cab, 0x0,
  0x2f9d5, 0x8cc1, 0x0, 0x2f9d6, 0x8d1b, 0x0, 0x2f9d7, 0x8d77, 0x0, 0x2f9d8, 0x27f2f, 0x0,
  0x2f9d9, 0x20804, 0x0, 0x2f9da, 0x8dcb, 0x0, 0x2f9db, 0x8dbc, 0x0, 0x2f9dc, 0x8df0, 0x0,
  0x2f9dd, 0x208de, 0x0, 0x2f9de, 0x8ed4, 0x0, 0x2f9df, 0x8f38, 0x0, 0x2f9e0, 0x285d2, 0x0,
  0x2f9e1, 0x285ed, 0x0, 0x2f9e2, 0x9094, 0x0, 0x2f9e3, 0x90f1, 0x0, 0x2f9e4, 0x9111, 0x0,
  0x2f9e5, 0x2872e, 0x0, 0x2f9e6, 0x911b, 0x0, 0x2f9e7, 0x9238, 0x0, 0x2f9e8, 0x92d7, 0x0,
  0x2f9e9, 0x92d8, 0x0, 0x2f9ea, 0x927c, 0x0, 0x2f9eb, 0x93f9, 0x0, 0x2f9ec, 0x9415, 0x0,
  0x2f9ed, 0x28bfa, 0x0, 0x2f9ee, 0x958b, 0x0, 0x2f9ef, 0x4995, 0x0, 0x2f9f0, 0x95b7, 0x0,
  0x2f9f1, 0x28d77, 0x0, 0x2f9f2, 0x49e6, 0x0, 0x2f9f3, 0x96c3, 0x0, 0x2f9f4, 0x5db2, 0x0,
  0x2f9f5, 0x9723, 0x0, 0x2f9f6, 0x29145, 0x0, 0x2f9f7, 0x2921a, 0x0, 0x2f9f8, 0x4a6e, 0x0,
  0x2f9f9, 0x4a76, 0x0, 0x2f9fa, 0x97e0, 0x0, 0x2f9fb, 0x2940a, 0x0, 0x2f9fc, 0x4ab2, 0x0,
  0x2f9fd, 0x29496, 0x0, 0x2f9fe, 0x980b, 0x0, 0x2f9ff, 0x980b, 0x0, 0x2fa00, 0x9829, 0x0,
  0x2fa01, 0x295b6, 0x0, 0x2fa02, 0x98e2, 0x0, 0x2fa03, 0x4b33, 0x0, 0x2fa04, 0x9929, 0x0,
  0x2fa05, 0x99a7, 0x0, 0x2fa06, 0x99c2, 0x0, 0x2fa07, 0x99fe, 0x0, 0x2fa08, 0x4bce, 0x0,
  0x2fa09, 0x29b30, 0x0, 0x2fa0a, 0x9b12, 0x0, 0x2fa0b, 0x9c40, 0x0, 0x2fa0c, 0x9cfd, 0x0,
  0x2fa0d, 0x4cce, 0x0, 0x2fa0e, 0x4ced, 0x0, 0x2fa0f, 0x9d67, 0x0, 0x2fa10, 0x2a0ce, 0x0,
  0x2fa11, 0x4cf8, 0x0, 0x2fa12, 0x2a105, 0x0, 0x2fa13, 0x2a20e, 0x0, 0x2fa14, 0x2a291, 0x0,
  0x2fa15, 0x9ebb, 0x0, 0x2fa16, 0x4d56, 0x0, 0x2fa17, 0x9ef9, 0x0, 0x2fa18, 0x9efe, 0x0,
  0x2fa19, 0x9f05, 0x0, 0x2fa1a, 0x9f0f, 0x0, 0x2fa1b, 0x9f16, 0x0, 0x2fa1c, 0x9f3b, 0x0,
  0x2fa1d, 0x2a600, 0x0,
};
static constexpr uint32_t kCompose[] = {
  0x3c, 0x338, 0x226e, 0x3d, 0x338, 0x2260, 0x3e, 0x338, 0x226f, 0x41, 0x300, 0xc0,
  0x41, 0x301, 0xc1, 0x41, 0x302, 0xc2, 0x41, 0x303, 0xc3, 0x41, 0x304, 0x100,
  0x41, 0x306, 0x102, 0x41, 0x307, 0x226, 0x41, 0x308, 0xc4, 0x41, 0x309, 0x1ea2,
  0x41, 0x30a, 0xc5, 0x41, 0x30c, 0x1cd, 0x41, 0x30f, 0x200, 0x41, 0x311, 0x202,
  0x41, 0x323, 0x1ea0, 0x41, 0x325, 0x1e00, 0x41, 0x328, 0x104, 0x42, 0x307, 0x1e02,
  0x42, 0x323, 0x1e04, 0x42, 0x331, 0x1e06, 0x43, 0x301, 0x106, 0x43, 0x302, 0x108,
  0x43, 0x307, 0x10a, 0x43, 0x30c, 0x10c, 0x43, 0x327, 0xc7, 0x44, 0x307, 0x1e0a,
  0x44, 0x30c, 0x10e, 0x44, 0x323, 0x1e0c, 0x44, 0x327, 0x1e10, 0x44, 0x32d, 0x1e12,
  0x44, 0x331, 0x1e0e, 0x45, 0x300, 0xc8, 0x45, 0x301, 0xc9, 0x45, 0x302, 0xca,
  0x45, 0x303, 0x1ebc, 0x45, 0x304, 0x112, 0x45, 0x306, 0x114, 0x45, 0x307, 0x116,
  0x45, 0x308, 0xcb, 0x45, 0x309, 0x1eba, 0x45, 0x30c, 0x11a, 0x45, 0x30f, 0x204,
  0x45, 0x311, 0x206, 0x45, 0x323, 0x1eb8, 0x45, 0x327, 0x228, 0x45, 0x328, 0x118,
  0x45, 0x32d, 0x1e18, 0x45, 0x330, 0x1e1a, 0x46, 0x307, 0x1e1e, 0x47, 0x301, 0x1f4,
  0x47, 0x302, 0x11c, 0x47, 0x304, 0x1e20, 0x47, 0x306, 0x11e, 0x47, 0x307, 0x120,
  0x47, 0x30c, 0x1e6, 0x47, 0x327, 0x122, 0x48, 0x302, 0x124, 0x48, 0x307, 0x1e22,
  0x48, 0x308, 0x1e26, 0x48, 0x30c, 0x21e, 0x48, 0x323, 0x1e24, 0x48, 0x327, 0x1e28,
  0x48, 0x32e, 0x1e2a, 0x49, 0x300, 0xcc, 0x49, 0x301, 0xcd, 0x49, 0x302, 0xce,
  0x49, 0x303, 0x128, 0x49, 0x304, 0x12a, 0x49, 0x306, 0x12c, 0x49, 0x307, 0x130,
  0x49, 0x308, 0xcf, 0x49, 0x309, 0x1ec8, 0x49, 0x30c, 0x1cf, 0x49, 0x30f, 0x208,
  0x49, 0x311, 0x20a, 0x49, 0x323, 0x1eca, 0x49, 0x328, 0x12e, 0x49, 0x330, 0x1e2c,
  0x4a, 0x302, 0x134, 0x4b, 0x301, 0x1e30, 0x4b, 0x30c, 0x1e8, 0x4b, 0x323, 0x1e32,
  0x4b, 0x327, 0x136, 0x4b, 0x331, 0x1e34, 0x4c, 0x301, 0x139, 0x4c, 0x30c, 0x13d,
  0x4c, 0x323, 0x1e36, 0x4c, 0x327, 0x13b, 0x4c, 0x32d, 0x1e3c, 0x4c, 0x331, 0x1e3a,
  0x4d, 0x301, 0x1e3e, 0x4d, 0x307, 0x1e40, 0x4d, 0x323, 0x1e42, 0x4e, 0x300, 0x1f8,
  0x4e, 0x301, 0x143, 0x4e, 0x303, 0xd1, 0x4e, 0x307, 0x1e44, 0x4e, 0x30c, 0x147,
  0x4e, 0x323, 0x1e46, 0x4e, 0x327, 0x145, 0x4e, 0x32d, 0x1e4a, 0x4e, 0x331, 0x1e48,
  0x4f, 0x300, 0xd2, 0x4f, 0x301, 0xd3, 0x4f, 0x302, 0xd4, 0x4f, 0x303, 0xd5,
  0x4f, 0x304, 0x14c, 0x4f, 0x306, 0x14e, 0x4f, 0x307, 0x22e, 0x4f, 0x308, 0xd6,
  0x4f, 0x309, 0x1ece, 0x4f, 0x30b, 0x150, 0x4f, 0x30c, 0x1d1, 0x4f, 0x30f, 0x20c,
  0x4f, 0x311, 0x20e, 0x4f, 0x31b, 0x1a0, 0x4f, 0x323, 0x1ecc, 0x4f, 0x328, 0x1ea,
  0x50, 0x301, 0x1e54, 0x50, 0x307, 0x1e56, 0x52, 0x301, 0x154, 0x52, 0x307, 0x1e58,
  0x52, 0x30c, 0x158, 0x52, 0x30f, 0x210, 0x52, 0x311, 0x212, 0x52, 0x323, 0x1e5a,
  0x52, 0x327, 0x156, 0x52, 0x331, 0x1e5e, 0x53, 0x301, 0x15a, 0x53, 0x302, 0x15c,
  0x53, 0x307, 0x1e60, 0x53, 0x30c, 0x160, 0x53, 0x323, 0x1e62, 0x53, 0x326, 0x218,
  0x53, 0x327, 0x15e, 0x54, 0x307, 0x1e6a, 0x54, 0x30c, 0x164, 0x54, 0x323, 0x1e6c,
  0x54, 0x326, 0x21a, 0x54, 0x327, 0x162, 0x54, 0x32d, 0x1e70, 0x54, 0x331, 0x1e6e,
  0x55, 0x300, 0xd9, 0x55, 0x301, 0xda, 0x55, 0x302, 0xdb, 0x55, 0x303, 0x168,
  0x55, 0x304, 0x16a, 0x55, 0x306, 0x16c, 0x55, 0x308, 0xdc, 0x55, 0x309, 0x1ee6,
  0x55, 0x30a, 0x16e, 0x55, 0x30b, 0x170, 0x55, 0x30c, 0x1d3, 0x55, 0x30f, 0x214,
  0x55, 0x311, 0x216, 0x55, 0x31b, 0x1af, 0x55, 0x323, 0x1ee4, 0x55, 0x324, 0x1e72,
  0x55, 0x328, 0x172, 0x55, 0x32d, 0x1e76, 0x55, 0x330, 0x1e74, 0x56, 0x303, 0x1e7c,
  0x56, 0x323, 0x1e7e, 0x57, 0x300, 0x1e80, 0x57, 0x301, 0x1e82, 0x57, 0x302, 0x174,
  0x57, 0x307, 0x1e86, 0x57, 0x308, 0x1e84, 0x57, 0x323, 0x1e88, 0x58, 0x307, 0x1e8a,
  0x58, 0x308, 0x1e8c, 0x59, 0x300, 0x1ef2, 0x59, 0x301, 0xdd, 0x59, 0x302, 0x176,
  0x59, 0x303, 0x1ef8, 0x59, 0x304, 0x232, 0x59, 0x307, 0x1e8e, 0x59, 0x308, 0x178,
  0x59, 0x309, 0x1ef6, 0x59, 0x323, 0x1ef4, 0x5a, 0x301, 0x179, 0x5a, 0x302, 0x1e90,
  0x5a, 0x307, 0x17b, 0x5a, 0x30c, 0x17d, 0x5a, 0x323, 0x1e92, 0x5a, 0x331, 0x1e94,
  0x61, 0x300, 0xe0, 0x61, 0x301, 0xe1, 0x61, 0x302, 0xe2, 0x61, 0x303, 0xe3,
  0x61, 0x304, 0x101, 0x61, 0x306, 0x103, 0x61, 0x307, 0x227, 0x61, 0x308, 0xe4,
  0x61, 0x309, 0x1ea3, 0x61, 0x30a, 0xe5, 0x61, 0x30c, 0x1ce, 0x61, 0x30f, 0x201,
  0x61, 0x311, 0x203, 0x61, 0x323, 0x1ea1, 0x61, 0x325, 0x1e01, 0x61, 0x328, 0x105,
  0x62, 0x307, 0x1e03, 0x62, 0x323, 0x1e05, 0x62, 0x331, 0x1e07, 0x63, 0x301, 0x107,
  0x63, 0x302, 0x109, 0x63, 0x307, 0x10b, 0x63, 0x30c, 0x10d, 0x63, 0x327, 0xe7,
  0x64, 0x307, 0x1e0b, 0x64, 0x30c, 0x10f, 0x64, 0x323, 0x1e0d, 0x64, 0x327, 0x1e11,
  0x64, 0x32d, 0x1e13, 0x64, 0x331, 0x1e0f, 0x65, 0x300, 0xe8, 0x65, 0x301, 0xe9,
  0x65, 0x302, 0xea, 0x65, 0x303, 0x1ebd, 0x65, 0x304, 0x113, 0x65, 0x306, 0x115,
  0x65, 0x307, 0x117, 0x65, 0x308, 0xeb, 0x65, 0x309, 0x1ebb, 0x65, 0x30c, 0x11b,
  0x65, 0x30f, 0x205, 0x65, 0x311, 0x207, 0x65, 0x323, 0x1eb9, 0x65, 0x327, 0x229,
  0x65, 0x328, 0x119, 0x65, 0x32d, 0x1e19, 0x65, 0x330, 0x1e1b, 0x66, 0x307, 0x1e1f,
  0x67, 0x301, 0x1f5, 0x67, 0x302, 0x11d, 0x67, 0x304, 0x1e21, 0x67, 0x306, 0x11f,
  0x67, 0x307, 0x121, 0x67, 0x30c, 0x1e7, 0x67, 0x327, 0x123, 0x68, 0x302, 0x125,
  0x68, 0x307, 0x1e23, 0x68, 0x308, 0x1e27, 0x68, 0x30c, 0x21f, 0x68, 0x323, 0x1e25,
  0x68, 0x327, 0x1e29, 0x68, 0x32e, 0x1e2b, 0x68, 0x331, 0x1e96, 0x69, 0x300, 0xec,
  0x69, 0x301, 0xed, 0x69, 0x302, 0xee, 0x69, 0x303, 0x129, 0x69, 0x304, 0x12b,
  0x69, 0x306, 0x12d, 0x69, 0x308, 0xef, 0x69, 0x309, 0x1ec9, 0x69, 0x30c, 0x1d0,
  0x69, 0x30f, 0x209, 0x69, 0x311, 0x20b, 0x69, 0x323, 0x1ecb, 0x69, 0x328, 0x12f,
  0x69, 0x330, 0x1e2d, 0x6a, 0x302, 0x135, 0x6a, 0x30c, 0x1f0, 0x6b, 0x301, 0x1e31,
  0x6b, 0x30c, 0x1e9, 0x6b, 0x323, 0x1e33, 0x6b, 0x327, 0x137, 0x6b, 0x331, 0x1e35,
  0x6c, 0x301, 0x13a, 0x6c, 0x30c, 0x13e, 0x6c, 0x323, 0x1e37, 0x6c, 0x327, 0x13c,
  0x6c, 0x32d, 0x1e3d, 0x6c, 0x331, 0x1e3b, 0x6d, 0x301, 0x1e3f, 0x6d, 0x307, 0x1e41,
  0x6d, 0x323, 0x1e43, 0x6e, 0x300, 0x1f9, 0x6e, 0x301, 0x144, 0x6e, 0x303, 0xf1,
  0x6e, 0x307, 0x1e45, 0x6e, 0x30c, 0x148, 0x6e, 0x323, 0x1e47, 0x6e, 0x327, 0x146,
  0x6e, 0x32d, 0x1e4b, 0x6e, 0x331, 0x1e49, 0x6f, 0x300, 0xf2, 0x6f, 0x301, 0xf3,
  0x6f, 0x302, 0xf4, 0x6f, 0x303, 0xf5, 0x6f, 0x304, 0x14d, 0x6f, 0x306, 0x14f,
  0x6f, 0x307, 0x22f, 0x6f, 0x308, 0xf6, 0x6f, 0x309, 0x1ecf, 0x6f, 0x30b, 0x151,
  0x6f, 0x30c, 0x1d2, 0x6f, 0x30f, 0x20d, 0x6f, 0x311, 0x20f, 0x6f, 0x31b, 0x1a1,
  0x6f, 0x323, 0x1ecd, 0x6f, 0x328, 0x1eb, 0x70, 0x301, 0x1e55, 0x70, 0x307, 0x1e57,
  0x72, 0x301, 0x155, 0x72, 0x307, 0x1e59, 0x72, 0x30c, 0x159, 0x72, 0x30f, 0x211,
  0x72, 0x311, 0x213, 0x72, 0x323, 0x1e5b, 0x72, 0x327, 0x157, 0x72, 0x331, 0x1e5f,
  0x73, 0x301, 0x15b, 0x73, 0x302, 0x15d, 0x73, 0x307, 0x1e61, 0x73, 0x30c, 0x161,
  0x73, 0x323, 0x1e63, 0x73, 0x326, 0x219, 0x73, 0x327, 0x15f, 0x74, 0x307, 0x1e6b,
  0x74, 0x308, 0x1e97, 0x74, 0x30c, 0x165, 0x74, 0x323, 0x1e6d, 0x74, 0x326, 0x21b,
  0x74, 0x327, 0x163, 0x74, 0x32d, 0x1e71, 0x74, 0x331, 0x1e6f, 0x75, 0x300, 0xf9,
  0x75, 0x301, 0xfa, 0x75, 0x302, 0xfb, 0x75, 0x303, 0x169, 0x75, 0x304, 0x16b,
  0x75, 0x306, 0x16d, 0x75, 0x308, 0xfc, 0x75, 0x309, 0x1ee7, 0x75, 0x30a, 0x16f,
  0x75, 0x30b, 0x171, 0x75, 0x30c, 0x1d4, 0x75, 0x30f, 0x215, 0x75, 0x311, 0x217,
  0x75, 0x31b, 0x1b0, 0x75, 0x323, 0x1ee5, 0x75, 0x324, 0x1e73, 0x75, 0x328, 0x173,
  0x75, 0x32d, 0x1e77, 0x75, 0x330, 0x1e75, 0x76, 0x303, 0x1e7d, 0x76, 0x323, 0x1e7f,
  0x77, 0x300, 0x1e81, 0x77, 0x301, 0x1e83, 0x77, 0x302, 0x175, 0x77, 0x307, 0x1e87,
  0x77, 0x308, 0x1e85, 0x77, 0x30a, 0x1e98, 0x77, 0x323, 0x1e89, 0x78, 0x307, 0x1e8b,
  0x78, 0x308, 0x1e8d, 0x79, 0x300, 0x1ef3, 0x79, 0x301, 0xfd, 0x79, 0x302, 0x177,
  0x79, 0x303, 0x1ef9, 0x79, 0x304, 0x233, 0x79, 0x307, 0x1e8f, 0x79, 0x308, 0xff,
  0x79, 0x309, 0x1ef7, 0x79, 0x30a, 0x1e99, 0x79, 0x323, 0x1ef5, 0x7a, 0x301, 0x17a,
  0x7a, 0x302, 0x1e91, 0x7a, 0x307, 0x17c, 0x7a, 0x30c, 0x17e, 0x7a, 0x323, 0x1e93,
  0x7a, 0x331, 0x1e95, 0xa8, 0x300, 0x1fed, 0xa8, 0x301, 0x385, 0xa8, 0x342, 0x1fc1,
  0xc2, 0x300, 0x1ea6, 0xc2, 0x301, 0x1ea4, 0xc2, 0x303, 0x1eaa, 0xc2, 0x309, 0x1ea8,
  0xc4, 0x304, 0x1de, 0xc5, 0x301, 0x1fa, 0xc6, 0x301, 0x1fc, 0xc6, 0x304, 0x1e2,
  0xc7, 0x301, 0x1e08, 0xca, 0x300, 0x1ec0, 0xca, 0x301, 0x1ebe, 0xca, 0x303, 0x1ec4,
  0xca, 0x309, 0x1ec2, 0xcf, 0x301, 0x1e2e, 0xd4, 0x300, 0x1ed2, 0xd4, 0x301, 0x1ed0,
  0xd4, 0x303, 0x1ed6, 0xd4, 0x309, 0x1ed4, 0xd5, 0x301, 0x1e4c, 0xd5, 0x304, 0x22c,
  0xd5, 0x308, 0x1e4e, 0xd6, 0x304, 0x22a, 0xd8, 0x301, 0x1fe, 0xdc, 0x300, 0x1db,
  0xdc, 0x301, 0x1d7, 0xdc, 0x304, 0x1d5, 0xdc, 0x30c, 0x1d9, 0xe2, 0x300, 0x1ea7,
  0xe2, 0x301, 0x1ea5, 0xe2, 0x303, 0x1eab, 0xe2, 0x309, 0x1ea9, 0xe4, 0x304, 0x1df,
  0xe5, 0x301, 0x1fb, 0xe6, 0x301, 0x1fd, 0xe6, 0x304, 0x1e3, 0xe7, 0x301, 0x1e09,
  0xea, 0x300, 0x1ec1, 0xea, 0x301, 0x1ebf, 0xea, 0x303, 0x1ec5, 0xea, 0x309, 0x1ec3,
  0xef, 0x301, 0x1e2f, 0xf4, 0x300, 0x1ed3, 0xf4, 0x301, 0x1ed1, 0xf4, 0x303, 0x1ed7,
  0xf4, 0x309, 0x1ed5, 0xf5, 0x301, 0x1e4d, 0xf5, 0x304, 0x22d, 0xf5, 0x308, 0x1e4f,
  0xf6, 0x304, 0x22b, 0xf8, 0x301, 0x1ff, 0xfc, 0x300, 0x1dc, 0xfc, 0x301, 0x1d8,
  0xfc, 0x304, 0x1d6, 0xfc, 0x30c, 0x1da, 0x102, 0x300, 0x1eb0, 0x102, 0x301, 0x1eae,
  0x102, 0x303, 0x1eb4, 0x102, 0x309, 0x1eb2, 0x103, 0x300, 0x1eb1, 0x103, 0x301, 0x1eaf,
  0x103, 0x303, 0x1eb5, 0x103, 0x309, 0x1eb3, 0x112, 0x300, 0x1e14, 0x112, 0x301, 0x1e16,
  0x113, 0x300, 0x1e15, 0x113, 0x301, 0x1e17, 0x14c, 0x300, 0x1e50, 0x14c, 0x301, 0x1e52,
  0x14d, 0x300, 0x1e51, 0x14d, 0x301, 0x1e53, 0x15a, 0x307, 0x1e64, 0x15b, 0x307, 0x1e65,
  0x160, 0x307, 0x1e66, 0x161, 0x307, 0x1e67, 0x168, 0x301, 0x1e78, 0x169, 0x301, 0x1e79,
  0x16a, 0x308, 0x1e7a, 0x16b, 0x308, 0x1e7b, 0x17f, 0x307, 0x1e9b, 0x1a0, 0x300, 0x1edc,
  0x1a0, 0x301, 0x1eda, 0x1a0, 0x303, 0x1ee0, 0x1a0, 0x309, 0x1ede, 0x1a0, 0x323, 0x1ee2,
  0x1a1, 0x300, 0x1edd, 0x1a1, 0x301, 0x1edb, 0x1a1, 0x303, 0x1ee1, 0x1a1, 0x309, 0x1edf,
  0x1a1, 0x323, 0x1ee3, 0x1af, 0x300, 0x1eea, 0x1af, 0x301, 0x1ee8, 0x1af, 0x303, 0x1eee,
  0x1af, 0x309, 0x1eec, 0x1af, 0x323, 0x1ef0, 0x1b0, 0x300, 0x1eeb, 0x1b0, 0x301, 0x1ee9,
  0x1b0, 0x303, 0x1eef, 0x1b0, 0x309, 0x1eed, 0x1b0, 0x323, 0x1ef1, 0x1b7, 0x30c, 0x1ee,
  0x1ea, 0x304, 0x1ec, 0x1eb, 0x304, 0x1ed, 0x226, 0x304, 0x1e0, 0x227, 0x304, 0x1e1,
  0x228, 0x306, 0x1e1c, 0x229, 0x306, 0x1e1d, 0x22e, 0x304, 0x230, 0x22f, 0x304, 0x231,
  0x292, 0x30c, 0x1ef, 0x391, 0x300, 0x1fba, 0x391, 0x301, 0x386, 0x391, 0x304, 0x1fb9,
  0x391, 0x306, 0x1fb8, 0x391, 0x313, 0x1f08, 0x391, 0x314, 0x1f09, 0x391, 0x345, 0x1fbc,
  0x395, 0x300, 0x1fc8, 0x395, 0x301, 0x388, 0x395, 0x313, 0x1f18, 0x395, 0x314, 0x1f19,
  0x397, 0x300, 0x1fca, 0x397, 0x301, 0x389, 0x397, 0x313, 0x1f28, 0x397, 0x314, 0x1f29,
  0x397, 0x345, 0x1fcc, 0x399, 0x300, 0x1fda, 0x399, 0x301, 0x38a, 0x399, 0x304, 0x1fd9,
  0x399, 0x306, 0x1fd8, 0x399, 0x308, 0x3aa, 0x399, 0x313, 0x1f38, 0x399, 0x314, 0x1f39,
  0x39f, 0x300, 0x1ff8, 0x39f, 0x301, 0x38c, 0x39f, 0x313, 0x1f48, 0x39f, 0x314, 0x1f49,
  0x3a1, 0x314, 0x1fec, 0x3a5, 0x300, 0x1fea, 0x3a5, 0x301, 0x38e, 0x3a5, 0x304, 0x1fe9,
  0x3a5, 0x306, 0x1fe8, 0x3a5, 0x308, 0x3ab, 0x3a5, 0x314, 0x1f59, 0x3a9, 0x300, 0x1ffa,
  0x3a9, 0x301, 0x38f, 0x3a9, 0x313, 0x1f68, 0x3a9, 0x314, 0x1f69, 0x3a9, 0x345, 0x1ffc,
  0x3ac, 0x345, 0x1fb4, 0x3ae, 0x345, 0x1fc4, 0x3b1, 0x300, 0x1f70, 0x3b1, 0x301, 0x3ac,
  0x3b1, 0x304, 0x1fb1, 0x3b1, 0x306, 0x1fb0, 0x3b1, 0x313, 0x1f00, 0x3b1, 0x314, 0x1f01,
  0x3b1, 0x342, 0x1fb6, 0x3b1, 0x345, 0x1fb3, 0x3b5, 0x300, 0x1f72, 0x3b5, 0x301, 0x3ad,
  0x3b5, 0x313, 0x1f10, 0x3b5, 0x314, 0x1f11, 0x3b7, 0x300, 0x1f74, 0x3b7, 0x301, 0x3ae,
  0x3b7, 0x313, 0x1f20, 0x3b7, 0x314, 0x1f21, 0x3b7, 0x342, 0x1fc6, 0x3b7, 0x345, 0x1fc3,
  0x3b9, 0x300, 0x1f76, 0x3b9, 0x301, 0x3af, 0x3b9, 0x304, 0x1fd1, 0x3b9, 0x306, 0x1fd0,
  0x3b9, 0x308, 0x3ca, 0x3b9, 0x313, 0x1f30, 0x3b9, 0x314, 0x1f31, 0x3b9, 0x342, 0x1fd6,
  0x3bf, 0x300, 0x1f78, 0x3bf, 0x301, 0x3cc, 0x3bf, 0x313, 0x1f40, 0x3bf, 0x314, 0x1f41,
  0x3c1, 0x313, 0x1fe4, 0x3c1, 0x314, 0x1fe5, 0x3c5, 0x300, 0x1f7a, 0x3c5, 0x301, 0x3cd,
  0x3c5, 0x304, 0x1fe1, 0x3c5, 0x306, 0x1fe0, 0x3c5, 0x308, 0x3cb, 0x3c5, 0x313, 0x1f50,
  0x3c5, 0x314, 0x1f51, 0x3c5, 0x342, 0x1fe6, 0x3c9, 0x300, 0x1f7c, 0x3c9, 0x301, 0x3ce,
  0x3c9, 0x313, 0x1f60, 0x3c9, 0x314, 0x1f61, 0x3c9, 0x342, 0x1ff6, 0x3c9, 0x345, 0x1ff3,
  0x3ca, 0x300, 0x1fd2, 0x3ca, 0x301, 0x390, 0x3ca, 0x342, 0x1fd7, 0x3cb, 0x300, 0x1fe2,
  0x3cb, 0x301, 0x3b0, 0x3cb, 0x342, 0x1fe7, 0x3ce, 0x345, 0x1ff4, 0x3d2, 0x301, 0x3d3,
  0x3d2, 0x308, 0x3d4, 0x406, 0x308, 0x407, 0x410, 0x306, 0x4d0, 0x410, 0x308, 0x4d2,
  0x413, 0x301, 0x403, 0x415, 0x300, 0x400, 0x415, 0x306, 0x4d6, 0x415, 0x308, 0x401,
  0x416, 0x306, 0x4c1, 0x416, 0x308, 0x4dc, 0x417, 0x308, 0x4de, 0x418, 0x300, 0x40d,
  0x418, 0x304, 0x4e2, 0x418, 0x306, 0x419, 0x418, 0x308, 0x4e4, 0x41a, 0x301, 0x40c,
  0x41e, 0x308, 0x4e6, 0x423, 0x304, 0x4ee, 0x423, 0x306, 0x40e, 0x423, 0x308, 0x4f0,
  0x423, 0x30b, 0x4f2, 0x427, 0x308, 0x4f4, 0x42b, 0x308, 0x4f8, 0x42d, 0x308, 0x4ec,
  0x430, 0x306, 0x4d1, 0x430, 0x308, 0x4d3, 0x433, 0x301, 0x453, 0x435, 0x300, 0x450,
  0x435, 0x306, 0x4d7, 0x435, 0x308, 0x451, 0x436, 0x306, 0x4c2, 0x436, 0x308, 0x4dd,
  0x437, 0x308, 0x4df, 0x438, 0x300, 0x45d, 0x438, 0x304, 0x4e3, 0x438, 0x306, 0x439,
  0x438, 0x308, 0x4e5, 0x43a, 0x301, 0x45c, 0x43e, 0x308, 0x4e7, 0x443, 0x304, 0x4ef,
  0x443, 0x306, 0x45e, 0x443, 0x308, 0x4f1, 0x443, 0x30b, 0x4f3, 0x447, 0x308, 0x4f5,
  0x44b, 0x308, 0x4f9, 0x44d, 0x308, 0x4ed, 0x456, 0x308, 0x457, 0x474, 0x30f, 0x476,
  0x475, 0x30f, 0x477, 0x4d8, 0x308, 0x4da, 0x4d9, 0x308, 0x4db, 0x4e8, 0x308, 0x4ea,
  0x4e9, 0x308, 0x4eb, 0x627, 0x653, 0x622, 0x627, 0x654, 0x623, 0x627, 0x655, 0x625,
  0x648, 0x654, 0x624, 0x64a, 0x654, 0x626, 0x6c1, 0x654, 0x6c2, 0x6d2, 0x654, 0x6d3,
  0x6d5, 0x654, 0x6c0, 0x928, 0x93c, 0x929, 0x930, 0x93c, 0x931, 0x933, 0x93c, 0x934,
  0x9c7, 0x9be, 0x9cb, 0x9c7, 0x9d7, 0x9cc, 0xb47, 0xb3e, 0xb4b, 0xb47, 0xb56, 0xb48,
  0xb47, 0xb57, 0xb4c, 0xb92, 0xbd7, 0xb94, 0xbc6, 0xbbe, 0xbca, 0xbc6, 0xbd7, 0xbcc,
  0xbc7, 0xbbe, 0xbcb, 0xc46, 0xc56, 0xc48, 0xcbf, 0xcd5, 0xcc0, 0xcc6, 0xcc2, 0xcca,
  0xcc6, 0xcd5, 0xcc7, 0xcc6, 0xcd6, 0xcc8, 0xcca, 0xcd5, 0xccb, 0xd46, 0xd3e, 0xd4a,
  0xd46, 0xd57, 0xd4c, 0xd47, 0xd3e, 0xd4b, 0xdd9, 0xdca, 0xdda, 0xdd9, 0xdcf, 0xddc,
  0xdd9, 0xddf, 0xdde, 0xddc, 0xdca, 0xddd, 0x1025, 0x102e, 0x1026, 0x1b05, 0x1b35, 0x1b06,
  0x1b07, 0x1b35, 0x1b08, 0x1b09, 0x1b35, 0x1b0a, 0x1b0b, 0x1b35, 0x1b0c, 0x1b0d, 0x1b35, 0x1b0e,
  0x1b11, 0x1b35, 0x1b12, 0x1b3a, 0x1b35, 0x1b3b, 0x1b3c, 0x1b35, 0x1b3d, 0x1b3e, 0x1b35, 0x1b40,
  0x1b3f, 0x1b35, 0x1b41, 0x1b42, 0x1b35, 0x1b43, 0x1e36, 0x304, 0x1e38, 0x1e37, 0x304, 0x1e39,
  0x1e5a, 0x304, 0x1e5c, 0x1e5b, 0x304, 0x1e5d, 0x1e62, 0x307, 0x1e68, 0x1e63, 0x307, 0x1e69,
  0x1ea0, 0x302, 0x1eac, 0x1ea0, 0x306, 0x1eb6, 0x1ea1, 0x302, 0x1ead, 0x1ea1, 0x306, 0x1eb7,
  0x1eb8, 0x302, 0x1ec6, 0x1eb9, 0x302, 0x1ec7, 0x1ecc, 0x302, 0x1ed8, 0x1ecd, 0x302, 0x1ed9,
  0x1f00, 0x300, 0x1f02, 0x1f00, 0x301, 0x1f04, 0x1f00, 0x342, 0x1f06, 0x1f00, 0x345, 0x1f80,
  0x1f01, 0x300, 0x1f03, 0x1f01, 0x301, 0x1f05, 0x1f01, 0x342, 0x1f07, 0x1f01, 0x345, 0x1f81,
  0x1f02, 0x345, 0x1f82, 0x1f03, 0x345, 0x1f83, 0x1f04, 0x345, 0x1f84, 0x1f05, 0x345, 0x1f85,
  0x1f06, 0x345, 0x1f86, 0x1f07, 0x345, 0x1f87, 0x1f08, 0x300, 0x1f0a, 0x1f08, 0x301, 0x1f0c,
  0x1f08, 0x342, 0x1f0e, 0x1f08, 0x345, 0x1f88, 0x1f09, 0x300, 0x1f0b, 0x1f09, 0x301, 0x1f0d,
  0x1f09, 0x342, 0x1f0f, 0x1f09, 0x345, 0x1f89, 0x1f0a, 0x345, 0x1f8a, 0x1f0b, 0x345, 0x1f8b,
  0x1f0c, 0x345, 0x1f8c, 0x1f0d, 0x345, 0x1f8d, 0x1f0e, 0x345, 0x1f8e, 0x1f0f, 0x345, 0x1f8f,
  0x1f10, 0x300, 0x1f12, 0x1f10, 0x301, 0x1f14, 0x1f11, 0x300, 0x1f13, 0x1f11, 0x301, 0x1f15,
  0x1f18, 0x300, 0x1f1a, 0x1f18, 0x301, 0x1f1c, 0x1f19, 0x300, 0x1f1b, 0x1f19, 0x301, 0x1f1d,
  0x1f20, 0x300, 0x1f22, 0x1f20, 0x301, 0x1f24, 0x1f20, 0x342, 0x1f26, 0x1f20, 0x345, 0x1f90,
  0x1f21, 0x300, 0x1f23, 0x1f21, 0x301, 0x1f25, 0x1f21, 0x342, 0x1f27, 0x1f21, 0x345, 0x1f91,
  0x1f22, 0x345, 0x1f92, 0x1f23, 0x345, 0x1f93, 0x1f24, 0x345, 0x1f94, 0x1f25, 0x345, 0x1f95,
  0x1f26, 0x345, 0x1f96, 0x1f27, 0x345, 0x1f97, 0x1f28, 0x300, 0x1f2a, 0x1f28, 0x301, 0x1f2c,
  0x1f28, 0x342, 0x1f2e, 0x1f28, 0x345, 0x1f98, 0x1f29, 0x300, 0x1f2b, 0x1f29, 0x301, 0x1f2d,
  0x1f29, 0x342, 0x1f2f, 0x1f29, 0x345, 0x1f99, 0x1f2a, 0x345, 0x1f9a, 0x1f2b, 0x345, 0x1f9b,
  0x1f2c, 0x345, 0x1f9c, 0x1f2d, 0x345, 0x1f9d, 0x1f2e, 0x345, 0x1f9e, 0x1f2f, 0x345, 0x1f9f,
  0x1f30, 0x300, 0x1f32, 0x1f30, 0x301, 0x1f34, 0x1f30, 0x342, 0x1f36, 0x1f31, 0x300, 0x1f33,
  0x1f31, 0x301, 0x1f35, 0x1f31, 0x342, 0x1f37, 0x1f38, 0x300, 0x1f3a, 0x1f38, 0x301, 0x1f3c,
  0x1f38, 0x342, 0x1f3e, 0x1f39, 0x300, 0x1f3b, 0x1f39, 0x301, 0x1f3d, 0x1f39, 0x342, 0x1f3f,
  0x1f40, 0x300, 0x1f42, 0x1f40, 0x301, 0x1f44, 0x1f41, 0x300, 0x1f43, 0x1f41, 0x301, 0x1f45,
  0x1f48, 0x300, 0x1f4a, 0x1f48, 0x301, 0x1f4c, 0x1f49, 0x300, 0x1f4b, 0x1f49, 0x301, 0x1f4d,
  0x1f50, 0x300, 0x1f52, 0x1f50, 0x301, 0x1f54, 0x1f50, 0x342, 0x1f56, 0x1f51, 0x300, 0x1f53,
  0x1f51, 0x301, 0x1f55, 0x1f51, 0x342, 0x1f57, 0x1f59, 0x300, 0x1f5b, 0x1f59, 0x301, 0x1f5d,
  0x1f59, 0x342, 0x1f5f, 0x1f60, 0x300, 0x1f62, 0x1f60, 0x301, 0x1f64, 0x1f60, 0x342, 0x1f66,
  0x1f60, 0x345, 0x1fa0, 0x1f61, 0x300, 0x1f63, 0x1f61, 0x301, 0x1f65, 0x1f61, 0x342, 0x1f67,
  0x1f61, 0x345, 0x1fa1, 0x1f62, 0x345, 0x1fa2, 0x1f63, 0x345, 0x1fa3, 0x1f64, 0x345, 0x1fa4,
  0x1f65, 0x345, 0x1fa5, 0x1f66, 0x345, 0x1fa6, 0x1f67, 0x345, 0x1fa7, 0x1f68, 0x300, 0x1f6a,
  0x1f68, 0x301, 0x1f6c, 0x1f68, 0x342, 0x1f6e, 0x1f68, 0x345, 0x1fa8, 0x1f69, 0x300, 0x1f6b,
  0x1f69, 0x301, 0x1f6d, 0x1f69, 0x342, 0x1f6f, 0x1f69, 0x345, 0x1fa9, 0x1f6a, 0x345, 0x1faa,
  0x1f6b, 0x345, 0x1fab, 0x1f6c, 0x345, 0x1fac, 0x1f6d, 0x345, 0x1fad, 0x1f6e, 0x345, 0x1fae,
  0x1f6f, 0x345, 0x1faf, 0x1f70, 0x345, 0x1fb2, 0x1f74, 0x345, 0x1fc2, 0x1f7c, 0x345, 0x1ff2,
  0x1fb6, 0x345, 0x1fb7, 0x1fbf, 0x300, 0x1fcd, 0x1fbf, 0x301, 0x1fce, 0x1fbf, 0x342, 0x1fcf,
  0x1fc6, 0x345, 0x1fc7, 0x1ff6, 0x345, 0x1ff7, 0x1ffe, 0x300, 0x1fdd, 0x1ffe, 0x301, 0x1fde,
  0x1ffe, 0x342, 0x1fdf, 0x2190, 0x338, 0x219a, 0x2192, 0x338, 0x219b, 0x2194, 0x338, 0x21ae,
  0x21d0, 0x338, 0x21cd, 0x21d2, 0x338, 0x21cf, 0x21d4, 0x338, 0x21ce, 0x2203, 0x338, 0x2204,
  0x2208, 0x338, 0x2209, 0x220b, 0x338, 0x220c, 0x2223, 0x338, 0x2224, 0x2225, 0x338, 0x2226,
  0x223c, 0x338, 0x2241, 0x2243, 0x338, 0x2244, 0x2245, 0x338, 0x2247, 0x2248, 0x338, 0x2249,
  0x224d, 0x338, 0x226d, 0x2261, 0x338, 0x2262, 0x2264, 0x338, 0x2270, 0x2265, 0x338, 0x2271,
  0x2272, 0x338, 0x2274, 0x2273, 0x338, 0x2275, 0x2276, 0x338, 0x2278, 0x2277, 0x338, 0x2279,
  0x227a, 0x338, 0x2280, 0x227b, 0x338, 0x2281, 0x227c, 0x338, 0x22e0, 0x227d, 0x338, 0x22e1,
  0x2282, 0x338, 0x2284, 0x2283, 0x338, 0x2285, 0x2286, 0x338, 0x2288, 0x2287, 0x338, 0x2289,
  0x2291, 0x338, 0x22e2, 0x2292, 0x338, 0x22e3, 0x22a2, 0x338, 0x22ac, 0x22a8, 0x338, 0x22ad,
  0x22a9, 0x338, 0x22ae, 0x22ab, 0x338, 0x22af, 0x22b2, 0x338, 0x22ea, 0x22b3, 0x338, 0x22eb,
  0x22b4, 0x338, 0x22ec, 0x22b5, 0x338, 0x22ed, 0x3046, 0x3099, 0x3094, 0x304b, 0x3099, 0x304c,
  0x304d, 0x3099, 0x304e, 0x304f, 0x3099, 0x3050, 0x3051, 0x3099, 0x3052, 0x3053, 0x3099, 0x3054,
  0x3055, 0x3099, 0x3056, 0x3057, 0x3099, 0x3058, 0x3059, 0x3099, 0x305a, 0x305b, 0x3099, 0x305c,
  0x305d, 0x3099, 0x305e, 0x305f, 0x3099, 0x3060, 0x3061, 0x3099, 0x3062, 0x3064, 0x3099, 0x3065,
  0x3066, 0x3099, 0x3067, 0x3068, 0x3099, 0x3069, 0x306f, 0x3099, 0x3070, 0x306f, 0x309a, 0x3071,
  0x3072, 0x3099, 0x3073, 0x3072, 0x309a, 0x3074, 0x3075, 0x3099, 0x3076, 0x3075, 0x309a, 0x3077,
  0x3078, 0x3099, 0x3079, 0x3078, 0x309a, 0x307a, 0x307b, 0x3099, 0x307c, 0x307b, 0x309a, 0x307d,
  0x309d, 0x3099, 0x309e, 0x30a6, 0x3099, 0x30f4, 0x30ab, 0x3099, 0x30ac, 0x30ad, 0x3099, 0x30ae,
  0x30af, 0x3099, 0x30b0, 0x30b1, 0x3099, 0x30b2, 0x30b3, 0x3099, 0x30b4, 0x30b5, 0x3099, 0x30b6,
  0x30b7, 0x3099, 0x30b8, 0x30b9, 0x3099, 0x30ba, 0x30bb, 0x3099, 0x30bc, 0x30bd, 0x3099, 0x30be,
  0x30bf, 0x3099, 0x30c0, 0x30c1, 0x3099, 0x30c2, 0x30c4, 0x3099, 0x30c5, 0x30c6, 0x3099, 0x30c7,
  0x30c8, 0x3099, 0x30c9, 0x30cf, 0x3099, 0x30d0, 0x30cf, 0x309a, 0x30d1, 0x30d2, 0x3099, 0x30d3,
  0x30d2, 0x309a, 0x30d4, 0x30d5, 0x3099, 0x30d6, 0x30d5, 0x309a, 0x30d7, 0x30d8, 0x3099, 0x30d9,
  0x30d8, 0x309a, 0x30da, 0x30db, 0x3099, 0x30dc, 0x30db, 0x309a, 0x30dd, 0x30ef, 0x3099, 0x30f7,
  0x30f0, 0x3099, 0x30f8, 0x30f1, 0x3099, 0x30f9, 0x30f2, 0x3099, 0x30fa, 0x30fd, 0x3099, 0x30fe,
  0x105d2, 0x307, 0x105c9, 0x105da, 0x307, 0x105e4, 0x11099, 0x110ba, 0x1109a, 0x1109b, 0x110ba, 0x1109c,
  0x110a5, 0x110ba, 0x110ab, 0x11131, 0x11127, 0x1112e, 0x11132, 0x11127, 0x1112f, 0x11347, 0x1133e, 0x1134b,
  0x11347, 0x11357, 0x1134c, 0x11382, 0x113c9, 0x11383, 0x11384, 0x113bb, 0x11385, 0x1138b, 0x113c2, 0x1138e,
  0x11390, 0x113c9, 0x11391, 0x113c2, 0x113b8, 0x113c7, 0x113c2, 0x113c2, 0x113c5, 0x113c2, 0x113c9, 0x113c8,
  0x114b9, 0x114b0, 0x114bc, 0x114b9, 0x114ba, 0x114bb, 0x114b9, 0x114bd, 0x114be, 0x115b8, 0x115af, 0x115ba,
  0x115b9, 0x115af, 0x115bb, 0x11935, 0x11930, 0x11938, 0x1611e, 0x1611e, 0x16121, 0x1611e, 0x1611f, 0x16123,
  0x1611e, 0x16120, 0x16125, 0x1611e, 0x16129, 0x16122, 0x16121, 0x1611f, 0x16126, 0x16121, 0x16120, 0x16128,
  0x16122, 0x1611f, 0x16127, 0x16129, 0x1611f, 0x16124, 0x16d63, 0x16d67, 0x16d69, 0x16d67, 0x16d67, 0x16d68,
  0x16d69, 0x16d67, 0x16d6a,
};
static constexpr uint32_t kUpper[] = {
  0x41, 0x5a, 0xc0, 0xd6, 0xd8, 0xde, 0x100, 0x100, 0x102, 0x102, 0x104, 0x104,
  0x106, 0x106, 0x108, 0x108, 0x10a, 0x10a, 0x10c, 0x10c, 0x10e, 0x10e, 0x110, 0x110,
  0x112, 0x112, 0x114, 0x114, 0x116, 0x116, 0x118, 0x118, 0x11a, 0x11a, 0x11c, 0x11c,
  0x11e, 0x11e, 0x120, 0x120, 0x122, 0x122, 0x124, 0x124, 0x126, 0x126, 0x128, 0x128,
  0x12a, 0x12a, 0x12c, 0x12c, 0x12e, 0x12e, 0x130, 0x130, 0x132, 0x132, 0x134, 0x134,
  0x136, 0x136, 0x139, 0x139, 0x13b, 0x13b, 0x13d, 0x13d, 0x13f, 0x13f, 0x141, 0x141,
  0x143, 0x143, 0x145, 0x145, 0x147, 0x147, 0x14a, 0x14a, 0x14c, 0x14c, 0x14e, 0x14e,
  0x150, 0x150, 0x152, 0x152, 0x154, 0x154, 0x156, 0x156, 0x158, 0x158, 0x15a, 0x15a,
  0x15c, 0x15c, 0x15e, 0x15e, 0x160, 0x160, 0x162, 0x162, 0x164, 0x164, 0x166, 0x166,
  0x168, 0x168, 0x16a, 0x16a, 0x16c, 0x16c, 0x16e, 0x16e, 0x170, 0x170, 0x172, 0x172,
  0x174, 0x174, 0x176, 0x176, 0x178, 0x179, 0x17b, 0x17b, 0x17d, 0x17d, 0x181, 0x182,
  0x184, 0x184, 0x186, 0x187, 0x189, 0x18b, 0x18e, 0x191, 0x193, 0x194, 0x196, 0x198,
  0x19c, 0x19d, 0x19f, 0x1a0, 0x1a2, 0x1a2, 0x1a4, 0x1a4, 0x1a6, 0x1a7, 0x1a9, 0x1a9,
  0x1ac, 0x1ac, 0x1ae, 0x1af, 0x1b1, 0x1b3, 0x1b5, 0x1b5, 0x1b7, 0x1b8, 0x1bc, 0x1bc,
  0x1c4, 0x1c4, 0x1c7, 0x1c7, 0x1ca, 0x1ca, 0x1cd, 0x1cd, 0x1cf, 0x1cf, 0x1d1, 0x1d1,
  0x1d3, 0x1d3, 0x1d5, 0x1d5, 0x1d7, 0x1d7, 0x1d9, 0x1d9, 0x1db, 0x1db, 0x1de, 0x1de,
  0x1e0, 0x1e0, 0x1e2, 0x1e2, 0x1e4, 0x1e4, 0x1e6, 0x1e6, 0x1e8, 0x1e8, 0x1ea, 0x1ea,
  0x1ec, 0x1ec, 0x1ee, 0x1ee, 0x1f1, 0x1f1, 0x1f4, 0x1f4, 0x1f6, 0x1f8, 0x1fa, 0x1fa,
  0x1fc, 0x1fc, 0x1fe, 0x1fe, 0x200, 0x200, 0x202, 0x202, 0x204, 0x204, 0x206, 0x206,
  0x208, 0x208, 0x20a, 0x20a, 0x20c, 0x20c, 0x20e, 0x20e, 0x210, 0x210, 0x212, 0x212,
  0x214, 0x214, 0x216, 0x216, 0x218, 0x218, 0x21a, 0x21a, 0x21c, 0x21c, 0x21e, 0x21e,
  0x220, 0x220, 0x222, 0x222, 0x224, 0x224, 0x226, 0x226, 0x228, 0x228, 0x22a, 0x22a,
  0x22c, 0x22c, 0x22e, 0x22e, 0x230, 0x230, 0x232, 0x232, 0x23a, 0x23b, 0x23d, 0x23e,
  0x241, 0x241, 0x243, 0x246, 0x248, 0x248, 0x24a, 0x24a, 0x24c, 0x24c, 0x24e, 0x24e,
  0x370, 0x370, 0x372, 0x372, 0x376, 0x376, 0x37f, 0x37f, 0x386, 0x386, 0x388, 0x38a,
  0x38c, 0x38c, 0x38e, 0x38f, 0x391, 0x3a1, 0x3a3, 0x3ab, 0x3cf, 0x3cf, 0x3d2, 0x3d4,
  0x3d8, 0x3d8, 0x3da, 0x3da, 0x3dc, 0x3dc, 0x3de, 0x3de, 0x3e0, 0x3e0, 0x3e2, 0x3e2,
  0x3e4, 0x3e4, 0x3e6, 0x3e6, 0x3e8, 0x3e8, 0x3ea, 0x3ea, 0x3ec, 0x3ec, 0x3ee, 0x3ee,
  0x3f4, 0x3f4, 0x3f7, 0x3f7, 0x3f9, 0x3fa, 0x3fd, 0x42f, 0x460, 0x460, 0x462, 0x462,
  0x464, 0x464, 0x466, 0x466, 0x468, 0x468, 0x46a, 0x46a, 0x46c, 0x46c, 0x46e, 0x46e,
  0x470, 0x470, 0x472, 0x472, 0x474, 0x474, 0x476, 0x476, 0x478, 0x478, 0x47a, 0x47a,
  0x47c, 0x47c, 0x47e, 0x47e, 0x480, 0x480, 0x48a, 0x48a, 0x48c, 0x48c, 0x48e, 0x48e,
  0x490, 0x490, 0x492, 0x492, 0x494, 0x494, 0x496, 0x496, 0x498, 0x498, 0x49a, 0x49a,
  0x49c, 0x49c, 0x49e, 0x49e, 0x4a0, 0x4a0, 0x4a2, 0x4a2, 0x4a4, 0x4a4, 0x4a6, 0x4a6,
  0x4a8, 0x4a8, 0x4aa, 0x4aa, 0x4ac, 0x4ac, 0x4ae, 0x4ae, 0x4b0, 0x4b0, 0x4b2, 0x4b2,
  0x4b4, 0x4b4, 0x4b6, 0x4b6, 0x4b8, 0x4b8, 0x4ba, 0x4ba, 0x4bc, 0x4bc, 0x4be, 0x4be,
  0x4c0, 0x4c1, 0x4c3, 0x4c3, 0x4c5, 0x4c5, 0x4c7, 0x4c7, 0x4c9, 0x4c9, 0x4cb, 0x4cb,
  0x4cd, 0x4cd, 0x4d0, 0x4d0, 0x4d2, 0x4d2, 0x4d4, 0x4d4, 0x4d6, 0x4d6, 0x4d8, 0x4d8,
  0x4da, 0x4da, 0x4dc, 0x4dc, 0x4de, 0x4de, 0x4e0, 0x4e0, 0x4e2, 0x4e2, 0x4e4, 0x4e4,
  0x4e6, 0x4e6, 0x4e8, 0x4e8, 0x4ea, 0x4ea, 0x4ec, 0x4ec, 0x4ee, 0x4ee, 0x4f0, 0x4f0,
  0x4f2, 0x4f2, 0x4f4, 0x4f4, 0x4f6, 0x4f6, 0x4f8, 0x4f8, 0x4fa, 0x4fa, 0x4fc, 0x4fc,
  0x4fe, 0x4fe, 0x500, 0x500, 0x502, 0x502, 0x504, 0x504, 0x506, 0x506, 0x508, 0x508,
  0x50a, 0x50a, 0x50c, 0x50c, 0x50e, 0x50e, 0x510, 0x510, 0x512, 0x512, 0x514, 0x514,
  0x516, 0x516, 0x518, 0x518, 0x51a, 0x51a, 0x51c, 0x51c, 0x51e, 0x51e, 0x520, 0x520,
  0x522, 0x522, 0x524, 0x524, 0x526, 0x526, 0x528, 0x528, 0x52a, 0x52a, 0x52c, 0x52c,
  0x52e, 0x52e, 0x531, 0x556, 0x10a0, 0x10c5, 0x10c7, 0x10c7, 0x10cd, 0x10cd, 0x13a0, 0x13f5,
  0x1c89, 0x1c89, 0x1c90, 0x1cba, 0x1cbd, 0x1cbf, 0x1e00, 0x1e00, 0x1e02, 0x1e02, 0x1e04, 0x1e04,
  0x1e06, 0x1e06, 0x1e08, 0x1e08, 0x1e0a, 0x1e0a, 0x1e0c, 0x1e0c, 0x1e0e, 0x1e0e, 0x1e10, 0x1e10,
  0x1e12, 0x1e12, 0x1e14, 0x1e14, 0x1e16, 0x1e16, 0x1e18, 0x1e18, 0x1e1a, 0x1e1a, 0x1e1c, 0x1e1c,
  0x1e1e, 0x1e1e, 0x1e20, 0x1e20, 0x1e22, 0x1e22, 0x1e24, 0x1e24, 0x1e26, 0x1e26, 0x1e28, 0x1e28,
  0x1e2a, 0x1e2a, 0x1e2c, 0x1e2c, 0x1e2e, 0x1e2e, 0x1e30, 0x1e30, 0x1e32, 0x1e32, 0x1e34, 0x1e34,
  0x1e36, 0x1e36, 0x1e38, 0x1e38, 0x1e3a, 0x1e3a, 0x1e3c, 0x1e3c, 0x1e3e, 0x1e3e, 0x1e40, 0x1e40,
  0x1e42, 0x1e42, 0x1e44, 0x1e44, 0x1e46, 0x1e46, 0x1e48, 0x1e48, 0x1e4a, 0x1e4a, 0x1e4c, 0x1e4c,
  0x1e4e, 0x1e4e, 0x1e50, 0x1e50, 0x1e52, 0x1e52, 0x1e54, 0x1e54, 0x1e56, 0x1e56, 0x1e58, 0x1e58,
  0x1e5a, 0x1e5a, 0x1e5c, 0x1e5c, 0x1e5e, 0x1e5e, 0x1e60, 0x1e60, 0x1e62, 0x1e62, 0x1e64, 0x1e64,
  0x1e66, 0x1e66, 0x1e68, 0x1e68, 0x1e6a, 0x1e6a, 0x1e6c, 0x1e6c, 0x1e6e, 0x1e6e, 0x1e70, 0x1e70,
  0x1e72, 0x1e72, 0x1e74, 0x1e74, 0x1e76, 0x1e76, 0x1e78, 0x1e78, 0x1e7a, 0x1e7a, 0x1e7c, 0x1e7c,
  0x1e7e, 0x1e7e, 0x1e80, 0x1e80, 0x1e82, 0x1e82, 0x1e84, 0x1e84, 0x1e86, 0x1e86, 0x1e88, 0x1e88,
  0x1e8a, 0x1e8a, 0x1e8c, 0x1e8c, 0x1e8e, 0x1e8e, 0x1e90, 0x1e90, 0x1e92, 0x1e92, 0x1e94, 0x1e94,
  0x1e9e, 0x1e9e, 0x1ea0, 0x1ea0, 0x1ea2, 0x1ea2, 0x1ea4, 0x1ea4, 0x1ea6, 0x1ea6, 0x1ea8, 0x1ea8,
  0x1eaa, 0x1eaa, 0x1eac, 0x1eac, 0x1eae, 0x1eae, 0x1eb0, 0x1eb0, 0x1eb2, 0x1eb2, 0x1eb4, 0x1eb4,
  0x1eb6, 0x1eb6, 0x1eb8, 0x1eb8, 0x1eba, 0x1eba, 0x1ebc, 0x1ebc, 0x1ebe, 0x1ebe, 0x1ec0, 0x1ec0,
  0x1ec2, 0x1ec2, 0x1ec4, 0x1ec4, 0x1ec6, 0x1ec6, 0x1ec8, 0x1ec8, 0x1eca, 0x1eca, 0x1ecc, 0x1ecc,
  0x1ece, 0x1ece, 0x1ed0, 0x1ed0, 0x1ed2, 0x1ed2, 0x1ed4, 0x1ed4, 0x1ed6, 0x1ed6, 0x1ed8, 0x1ed8,
  0x1eda, 0x1eda, 0x1edc, 0x1edc, 0x1ede, 0x1ede, 0x1ee0, 0x1ee0, 0x1ee2, 0x1ee2, 0x1ee4, 0x1ee4,
  0x1ee6, 0x1ee6, 0x1ee8, 0x1ee8, 0x1eea, 0x1eea, 0x1eec, 0x1eec, 0x1eee, 0x1eee, 0x1ef0, 0x1ef0,
  0x1ef2, 0x1ef2, 0x1ef4, 0x1ef4, 0x1ef6, 0x1ef6, 0x1ef8, 0x1ef8, 0x1efa, 0x1efa, 0x1efc, 0x1efc,
  0x1efe, 0x1efe, 0x1f08, 0x1f0f, 0x1f18, 0x1f1d, 0x1f28, 0x1f2f, 0x1f38, 0x1f3f, 0x1f48, 0x1f4d,
  0x1f59, 0x1f59, 0x1f5b, 0x1f5b, 0x1f5d, 0x1f5d, 0x1f5f, 0x1f5f, 0x1f68, 0x1f6f, 0x1fb8, 0x1fbb,
  0x1fc8, 0x1fcb, 0x1fd8, 0x1fdb, 0x1fe8, 0x1fec, 0x1ff8, 0x1ffb, 0x2102, 0x2102, 0x2107, 0x2107,
  0x210b, 0x210d, 0x2110, 0x2112, 0x2115, 0x2115, 0x2119, 0x211d, 0x2124, 0x2124, 0x2126, 0x2126,
  0x2128, 0x2128, 0x212a, 0x212d, 0x2130, 0x2133, 0x213e, 0x213f, 0x2145, 0x2145, 0x2160, 0x216f,
  0x2183, 0x2183, 0x24b6, 0x24cf, 0x2c00, 0x2c2f, 0x2c60, 0x2c60, 0x2c62, 0x2c64, 0x2c67, 0x2c67,
  0x2c69, 0x2c69, 0x2c6b, 0x2c6b, 0x2c6d, 0x2c70, 0x2c72, 0x2c72, 0x2c75, 0x2c75, 0x2c7e, 0x2c80,
  0x2c82, 0x2c82, 0x2c84, 0x2c84, 0x2c86, 0x2c86, 0x2c88, 0x2c88, 0x2c8a, 0x2c8a, 0x2c8c, 0x2c8c,
  0x2c8e, 0x2c8e, 0x2c90, 0x2c90, 0x2c92, 0x2c92, 0x2c94, 0x2c94, 0x2c96, 0x2c96, 0x2c98, 0x2c98,
  0x2c9a, 0x2c9a, 0x2c9c, 0x2c9c, 0x2c9e, 0x2c9e, 0x2ca0, 0x2ca0, 0x2ca2, 0x2ca2, 0x2ca4, 0x2ca4,
  0x2ca6, 0x2ca6, 0x2ca8, 0x2ca8, 0x2caa, 0x2caa, 0x2cac, 0x2cac, 0x2cae, 0x2cae, 0x2cb0, 0x2cb0,
  0x2cb2, 0x2cb2, 0x2cb4, 0x2cb4, 0x2cb6, 0x2cb6, 0x2cb8, 0x2cb8, 0x2cba, 0x2cba, 0x2cbc, 0x2cbc,
  0x2cbe, 0x2cbe, 0x2cc0, 0x2cc0, 0x2cc2, 0x2cc2, 0x2cc4, 0x2cc4, 0x2cc6, 0x2cc6, 0x2cc8, 0x2cc8,
  0x2cca, 0x2cca, 0x2ccc, 0x2ccc, 0x2cce, 0x2cce, 0x2cd0, 0x2cd0, 0x2cd2, 0x2cd2, 0x2cd4, 0x2cd4,
  0x2cd6, 0x2cd6, 0x2cd8, 0x2cd8, 0x2cda, 0x2cda, 0x2cdc, 0x2cdc, 0x2cde, 0x2cde, 0x2ce0, 0x2ce0,
  0x2ce2, 0x2ce2, 0x2ceb, 0x2ceb, 0x2ced, 0x2ced, 0x2cf2, 0x2cf2, 0xa640, 0xa640, 0xa642, 0xa642,
  0xa644, 0xa644, 0xa646, 0xa646, 0xa648, 0xa648, 0xa64a, 0xa64a, 0xa64c, 0xa64c, 0xa64e, 0xa64e,
  0xa650, 0xa650, 0xa652, 0xa652, 0xa654, 0xa654, 0xa656, 0xa656, 0xa658, 0xa658, 0xa65a, 0xa65a,
  0xa65c, 0xa65c, 0xa65e, 0xa65e, 0xa660, 0xa660, 0xa662, 0xa662, 0xa664, 0xa664, 0xa666, 0xa666,
  0xa668, 0xa668, 0xa66a, 0xa66a, 0xa66c, 0xa66c, 0xa680, 0xa680, 0xa682, 0xa682, 0xa684, 0xa684,
  0xa686, 0xa686, 0xa688, 0xa688, 0xa68a, 0xa68a, 0xa68c, 0xa68c, 0xa68e, 0xa68e, 0xa690, 0xa690,
  0xa692, 0xa692, 0xa694, 0xa694, 0xa696, 0xa696, 0xa698, 0xa698, 0xa69a, 0xa69a, 0xa722, 0xa722,
  0xa724, 0xa724, 0xa726, 0xa726, 0xa728, 0xa728, 0xa72a, 0xa72a, 0xa72c, 0xa72c, 0xa72e, 0xa72e,
  0xa732, 0xa732, 0xa734, 0xa734, 0xa736, 0xa736, 0xa738, 0xa738, 0xa73a, 0xa73a, 0xa73c, 0xa73c,
  0xa73e, 0xa73e, 0xa740, 0xa740, 0xa742, 0xa742, 0xa744, 0xa744, 0xa746, 0xa746, 0xa748, 0xa748,
  0xa74a, 0xa74a, 0xa74c, 0xa74c, 0xa74e, 0xa74e, 0xa750, 0xa750, 0xa752, 0xa752, 0xa754, 0xa754,
  0xa756, 0xa756, 0xa758, 0xa758, 0xa75a, 0xa75a, 0xa75c, 0xa75c, 0xa75e, 0xa75e, 0xa760, 0xa760,
  0xa762, 0xa762, 0xa764, 0xa764, 0xa766, 0xa766, 0xa768, 0xa768, 0xa76a, 0xa76a, 0xa76c, 0xa76c,
  0xa76e, 0xa76e, 0xa779, 0xa779, 0xa77b, 0xa77b, 0xa77d, 0xa77e, 0xa780, 0xa780, 0xa782, 0xa782,
  0xa784, 0xa784, 0xa786, 0xa786, 0xa78b, 0xa78b, 0xa78d, 0xa78d, 0xa790, 0xa790, 0xa792, 0xa792,
  0xa796, 0xa796, 0xa798, 0xa798, 0xa79a, 0xa79a, 0xa79c, 0xa79c, 0xa79e, 0xa79e, 0xa7a0, 0xa7a0,
  0xa7a2, 0xa7a2, 0xa7a4, 0xa7a4, 0xa7a6, 0xa7a6, 0xa7a8, 0xa7a8, 0xa7aa, 0xa7ae, 0xa7b0, 0xa7b4,
  0xa7b6, 0xa7b6, 0xa7b8, 0xa7b8, 0xa7ba, 0xa7ba, 0xa7bc, 0xa7bc, 0xa7be, 0xa7be, 0xa7c0, 0xa7c0,
  0xa7c2, 0xa7c2, 0xa7c4, 0xa7c7, 0xa7c9, 0xa7c9, 0xa7cb, 0xa7cc, 0xa7d0, 0xa7d0, 0xa7d6, 0xa7d6,
  0xa7d8, 0xa7d8, 0xa7da, 0xa7da, 0xa7dc, 0xa7dc, 0xa7f5, 0xa7f5, 0xff21, 0xff3a, 0x10400, 0x10427,
  0x104b0, 0x104d3, 0x10570, 0x1057a, 0x1057c, 0x1058a, 0x1058c, 0x10592, 0x10594, 0x10595, 0x10c80, 0x10cb2,
  0x10d50, 0x10d65, 0x118a0, 0x118bf, 0x16e40, 0x16e5f, 0x1d400, 0x1d419, 0x1d434, 0x1d44d, 0x1d468, 0x1d481,
  0x1d49c, 0x1d49c, 0x1d49e, 0x1d49f, 0x1d4a2, 0x1d4a2, 0x1d4a5, 0x1d4a6, 0x1d4a9, 0x1d4ac, 0x1d4ae, 0x1d4b5,
  0x1d4d0, 0x1d4e9, 0x1d504, 0x1d505, 0x1d507, 0x1d50a, 0x1d50d, 0x1d514, 0x1d516, 0x1d51c, 0x1d538, 0x1d539,
  0x1d53b, 0x1d53e, 0x1d540, 0x1d544, 0x1d546, 0x1d546, 0x1d54a, 0x1d550, 0x1d56c, 0x1d585, 0x1d5a0, 0x1d5b9,
  0x1d5d4, 0x1d5ed, 0x1d608, 0x1d621, 0x1d63c, 0x1d655, 0x1d670, 0x1d689, 0x1d6a8, 0x1d6c0, 0x1d6e2, 0x1d6fa,
  0x1d71c, 0x1d734, 0x1d756, 0x1d76e, 0x1d790, 0x1d7a8, 0x1d7ca, 0x1d7ca, 0x1e900, 0x1e921, 0x1f130, 0x1f149,
  0x1f150, 0x1f169, 0x1f170, 0x1f189,
};
} }  // namespace sherpa_onnx::kitten_text
#endif
